{
  "name": "Install Integration",
  "form": "a2549b89-dda0-4830-b901-baf2ef76c87a",
  "blocks": [
    {
      "id": "5f946ddf-53fa-4f20-b044-1a19552bf464",
      "endpoint": "Twilio",
      "label": "Create Twilio Service",
      "environment": "HOSTED",
      "presentation": "{\"w\":100,\"x\":220,\"h\":50,\"y\":40}",
      "step": "1eda0f29-5f27-4d27-b804-dad12b18e5c0",
      "stepType": "SCRIPT_STEP",
      "inputMappings": [
        {
          "inputPort": "input",
          "mapping": "${event.properties.Twilio Service Name}",
          "stepInput": "3d17c3eb-04e1-4870-b646-aea518297a38"
        },
        {
          "inputPort": "input",
          "mapping": "${a2549b89-dda0-4830-b901-baf2ef76c87a.event.properties.Functions to Deploy}",
          "stepInput": "f2d6fb3d-00dc-4de2-a3e1-8294e1fb855a"
        },
        {
          "inputPort": "input",
          "mapping": "${a2549b89-dda0-4830-b901-baf2ef76c87a.event.properties.Assets to Deploy}",
          "stepInput": "53db4f34-51e3-40dc-83e6-b962e97be319"
        }
      ]
    },
    {
      "id": "09844917-9e24-4abd-aacf-49e7962f1b80",
      "endpoint": "Twilio Function Install Service",
      "label": "Initiate Twilio Function Installation",
      "environment": "HOSTED",
      "presentation": "{\"w\":100,\"x\":1100,\"h\":50,\"y\":190}",
      "step": "f78b4c9e-8cb7-4c00-a935-e48f8ba29fd1",
      "stepType": "SCRIPT_STEP",
      "inputMappings": [
        {
          "inputPort": "input",
          "mapping": "${a2549b89-dda0-4830-b901-baf2ef76c87a.event.properties.Twilio Account SID}",
          "stepInput": "176059f3-f132-493e-85af-34f1be706427"
        },
        {
          "inputPort": "input",
          "mapping": "${a2549b89-dda0-4830-b901-baf2ef76c87a.event.properties.Twilio Auth Token}",
          "stepInput": "08b69071-91c3-4df2-94ca-72350bbfbefc"
        },
        {
          "inputPort": "input",
          "mapping": "${a2549b89-dda0-4830-b901-baf2ef76c87a.event.properties.Twilio Service Name}",
          "stepInput": "a73a66b9-0491-43b9-a605-cc3dbe3c8717"
        },
        {
          "inputPort": "input",
          "mapping": "${5f946ddf-53fa-4f20-b044-1a19552bf464.Service Sid}",
          "stepInput": "6bcc9ff0-b17c-4498-981f-7e127f072533"
        },
        {
          "inputPort": "input",
          "mapping": "${5f946ddf-53fa-4f20-b044-1a19552bf464.Functions Sid Object}",
          "stepInput": "81dbd8d4-a5f4-467c-aaef-a925ef764dcf"
        },
        {
          "inputPort": "input",
          "mapping": "${5f946ddf-53fa-4f20-b044-1a19552bf464.Assets Sid Object}",
          "stepInput": "39c4d4a7-56d4-41b5-a7cf-21cf4c3f71b7"
        },
        {
          "inputPort": "input",
          "mapping": "${b3955254-1135-4558-bf19-a3285cc3f1b0.Environment Sid}",
          "stepInput": "c7951373-fa04-4fc8-baa5-a10a65c8878b"
        },
        {
          "inputPort": "input",
          "mapping": "${a2549b89-dda0-4830-b901-baf2ef76c87a.event.properties.Functions to Deploy}",
          "stepInput": "8967c898-d6d1-4bbd-b822-04176b5a026b"
        },
        {
          "inputPort": "input",
          "mapping": "${a2549b89-dda0-4830-b901-baf2ef76c87a.event.properties.Assets to Deploy}\n\n",
          "stepInput": "301e2d63-0a5e-4c77-b90e-863976c5ea75"
        }
      ]
    },
    {
      "id": "a5c2159c-9943-4262-b649-e2d10162d802",
      "label": "Install Integration - Event Status Updates",
      "environment": "HOSTED",
      "presentation": "{\"w\":100,\"x\":0,\"h\":50,\"y\":40}",
      "step": "809459ab-32c3-49ea-a208-cfc50d51d926",
      "stepType": "INTEGRATION"
    },
    {
      "id": "a69ec4c1-b909-4748-80e9-40a2ffe9775e",
      "label": "Switch",
      "environment": "HOSTED",
      "presentation": "{\"w\":100,\"x\":440,\"h\":50,\"y\":55}",
      "stepType": "SWITCH",
      "inputMappings": [
        {
          "inputPort": "input",
          "mapping": "${5f946ddf-53fa-4f20-b044-1a19552bf464.statusCode}"
        }
      ],
      "switchCases": [
        {
          "caseId": "d2b74622-8999-48ee-b227-6d6a7c19dcda",
          "caseValue": "201"
        }
      ]
    },
    {
      "id": "b3955254-1135-4558-bf19-a3285cc3f1b0",
      "endpoint": "Twilio",
      "label": "Twilio Create Environment Resource",
      "environment": "HOSTED",
      "presentation": "{\"w\":100,\"x\":660,\"h\":50,\"y\":190}",
      "step": "5d0b3018-72e1-4356-943c-ce3b20df1544",
      "stepType": "SCRIPT_STEP",
      "inputMappings": [
        {
          "inputPort": "input",
          "mapping": "${5f946ddf-53fa-4f20-b044-1a19552bf464.Service Sid}",
          "stepInput": "48ccc852-141f-45d5-8b02-5b5418727606"
        },
        {
          "inputPort": "input",
          "mapping": "production",
          "stepInput": "2585d1d3-7f0b-4d2c-ae1f-47e82590986f"
        }
      ]
    },
    {
      "id": "e5f1f373-9ed4-4c2a-a57e-fbeeeaca6704",
      "endpoint": "Twilio",
      "label": "Twilio Create Variables",
      "environment": "HOSTED",
      "presentation": "{\"w\":100,\"x\":880,\"h\":50,\"y\":190}",
      "step": "1e3485b3-bcc5-45db-a815-767f135a9803",
      "stepType": "SCRIPT_STEP",
      "inputMappings": [
        {
          "inputPort": "input",
          "mapping": "${event.properties.Twilio Service Name}",
          "stepInput": "2f57b43f-1225-4fae-8e1d-d228d9212a37"
        },
        {
          "inputPort": "input",
          "mapping": "${b3955254-1135-4558-bf19-a3285cc3f1b0.Environment Sid}",
          "stepInput": "c344df99-63e1-4916-a37b-78240b15dce3"
        },
        {
          "inputPort": "input",
          "mapping": "${constants.Intro_Phrase}",
          "stepInput": "7b18a5ee-7166-4f1d-aa18-0579b8827d61"
        },
        {
          "inputPort": "input",
          "mapping": "${constants.Alert_Phrase}",
          "stepInput": "f74e9e86-d649-4bee-8452-02db85a78182"
        },
        {
          "inputPort": "input",
          "mapping": "${constants.Conference_Phrase}",
          "stepInput": "66fb64d8-a11c-4b48-8c70-1231121fad05"
        },
        {
          "inputPort": "input",
          "mapping": "${constants.Incident_Phrase}",
          "stepInput": "b50cfdea-2dd0-4dd0-aa14-d1bc7ffb39e5"
        },
        {
          "inputPort": "input",
          "mapping": "${constants.Severity_Phrase}",
          "stepInput": "668bba19-56b5-4180-83ca-f89cd93235be"
        },
        {
          "inputPort": "input",
          "mapping": "${constants.Livecall_Phrase}",
          "stepInput": "bb6ba018-4262-40c1-ab8e-e7f7d38c5691"
        },
        {
          "inputPort": "input",
          "mapping": "${constants.Menu_Phrase}",
          "stepInput": "5f2d3120-f6b1-4839-b9cd-6e1c6f0141e0"
        },
        {
          "inputPort": "input",
          "mapping": "${constants.Restart_Phrase}",
          "stepInput": "4d3b6cbc-3e6a-48bb-b5aa-dd9d15ded757"
        },
        {
          "inputPort": "input",
          "mapping": "${constants.Invalid_Phrase}",
          "stepInput": "f7a84c37-de75-482a-9ae6-901aa6f2ab4d"
        },
        {
          "inputPort": "input",
          "mapping": "${constants.Record_Phrase}",
          "stepInput": "b84bd4fb-7122-4616-aeab-f82a021bcee1"
        },
        {
          "inputPort": "input",
          "mapping": "${constants.Record_Fail_Phrase}",
          "stepInput": "96a73299-cd78-4201-ac44-2815241383b1"
        },
        {
          "inputPort": "input",
          "mapping": "${constants.Record_Success_Phrase}",
          "stepInput": "092582d6-fd71-4a2d-bada-8ac703e6777d"
        },
        {
          "inputPort": "input",
          "mapping": "${constants.xMatters_Phrase}",
          "stepInput": "f9575590-85a7-47e8-b9e5-807f843f3df1"
        },
        {
          "inputPort": "input",
          "mapping": "${constants.Emptyoncall_Phrase}",
          "stepInput": "b1f51f7f-d98f-4cb8-a3fb-28b728241def"
        },
        {
          "inputPort": "input",
          "mapping": "${constants.Noanswer_Phrase}",
          "stepInput": "5d9c04bb-f17a-43fe-a367-aa228a5c8fe4"
        },
        {
          "inputPort": "input",
          "mapping": "${constants.Openbridge_Phrase}",
          "stepInput": "557fac2b-c10d-4013-8997-c7580c23bd5e"
        },
        {
          "inputPort": "input",
          "mapping": "${constants.Livecall_Fail_Phrase}",
          "stepInput": "b3fdaa21-043e-42a0-bd15-81c7cff2d716"
        },
        {
          "inputPort": "input",
          "mapping": "${constants.Xmatters_Fail_Phrase}",
          "stepInput": "5be6814d-ed62-42ab-98b3-bb84c2bbe483"
        },
        {
          "inputPort": "input",
          "mapping": "${constants.Transcribe_Fail_Phrase}",
          "stepInput": "860274bd-85b7-4410-b03c-145c10fb5d94"
        },
        {
          "inputPort": "input",
          "mapping": "${constants.Shorten_Fail_Phrase}",
          "stepInput": "083048c6-018f-4f7c-a843-5bde03126a96"
        }
      ]
    }
  ],
  "edges": [
    {
      "fromBlock": "a5c2159c-9943-4262-b649-e2d10162d802",
      "fromPort": "output",
      "toBlock": "5f946ddf-53fa-4f20-b044-1a19552bf464",
      "toPort": "input"
    },
    {
      "fromBlock": "a69ec4c1-b909-4748-80e9-40a2ffe9775e",
      "fromPort": "d2b74622-8999-48ee-b227-6d6a7c19dcda",
      "toBlock": "b3955254-1135-4558-bf19-a3285cc3f1b0",
      "toPort": "input"
    },
    {
      "fromBlock": "b3955254-1135-4558-bf19-a3285cc3f1b0",
      "fromPort": "output",
      "toBlock": "e5f1f373-9ed4-4c2a-a57e-fbeeeaca6704",
      "toPort": "input"
    },
    {
      "fromBlock": "e5f1f373-9ed4-4c2a-a57e-fbeeeaca6704",
      "fromPort": "output",
      "toBlock": "09844917-9e24-4abd-aacf-49e7962f1b80",
      "toPort": "input"
    },
    {
      "fromBlock": "5f946ddf-53fa-4f20-b044-1a19552bf464",
      "fromPort": "output",
      "toBlock": "a69ec4c1-b909-4748-80e9-40a2ffe9775e",
      "toPort": "input"
    }
  ]
}