{
  "name": "Install Integration",
  "description": "",
  "form": "f24768df-9097-4eff-9545-de711dfe93fe",
  "blocks": [
    {
      "id": "85663464-ba50-484e-8885-4e7e2e43dd61",
      "endpoint": "Twilio",
      "label": "Create Twilio Service",
      "environment": "HOSTED",
      "presentation": "{\"w\":60,\"x\":-287,\"h\":60,\"y\":-361}",
      "step": "3ae95e14-8706-4a89-b39d-a97ebdfcb865",
      "stepType": "SCRIPT_STEP",
      "inputMappings": [
        {
          "inputPort": "input",
          "mapping": "${event.properties.Twilio Service Name}",
          "stepInput": "bd8038ae-744a-4bef-8a97-32dab449c636"
        },
        {
          "inputPort": "input",
          "mapping": "${event.properties.Functions to Deploy}",
          "stepInput": "90811f92-6a69-4744-b8db-7137504bfcf7"
        }
      ]
    },
    {
      "id": "17c7aa69-56a2-4113-8bb5-4c986e24e4e8",
      "label": "Install Integration - Event Status Updates",
      "environment": "HOSTED",
      "presentation": "{\"w\":60,\"x\":-529,\"h\":60,\"y\":-361}",
      "step": "7d0f688e-eb7d-49fc-95d3-860c9b14ede6",
      "stepType": "INTEGRATION"
    },
    {
      "id": "b9256913-f599-49bc-9d48-f8738a79cea4",
      "endpoint": "Twilio Upload Service",
      "label": "Twilio Create Function Version",
      "environment": "HOSTED",
      "presentation": "{\"w\":60,\"x\":628,\"h\":60,\"y\":-349}",
      "step": "cf7eae83-3a7e-4055-9625-1a170ace59dd",
      "stepType": "SCRIPT_STEP",
      "inputMappings": [
        {
          "inputPort": "input",
          "mapping": "${85663464-ba50-484e-8885-4e7e2e43dd61.Function Sid}",
          "stepInput": "8811ab6e-8940-44b7-9bb7-2577b00486e2"
        }
      ]
    },
    {
      "id": "6a144a5c-7c14-40c4-a23c-e86ac030b137",
      "endpoint": "Twilio",
      "label": "Twilio Create Variables",
      "environment": "HOSTED",
      "presentation": "{\"w\":60,\"x\":132,\"h\":60,\"y\":-359}",
      "step": "f7e8e7d3-5c89-41ab-8981-9b49544715b8",
      "stepType": "SCRIPT_STEP",
      "inputMappings": [
        {
          "inputPort": "input",
          "mapping": "${a2e77284-6e80-4790-add7-92092f5fa260.Environment Sid}",
          "stepInput": "74ce26b1-0b7c-4be8-998b-1d478ca22c19"
        },
        {
          "inputPort": "input",
          "mapping": "${constants.Intro_Phrase}",
          "stepInput": "106f4262-1a99-421d-984f-0a2100610735"
        },
        {
          "inputPort": "input",
          "mapping": "${constants.Alert_Phrase}",
          "stepInput": "9ba1b3fc-093c-47e8-ba0a-c92b5a289442"
        },
        {
          "inputPort": "input",
          "mapping": "${constants.Conference_Phrase}",
          "stepInput": "6c80c077-9aa8-41ba-af4f-fa0800c6f79e"
        },
        {
          "inputPort": "input",
          "mapping": "${constants.Incident_Phrase}",
          "stepInput": "81a0a38e-fa30-4531-bfab-2e4edf28ffbc"
        },
        {
          "inputPort": "input",
          "mapping": "${constants.Severity_Phrase}",
          "stepInput": "42655d21-c884-4f6d-a323-5c34a9244869"
        },
        {
          "inputPort": "input",
          "mapping": "${constants.Livecall_Phrase}",
          "stepInput": "92b83baa-9dd4-412a-9ba4-848ec3cc15ca"
        },
        {
          "inputPort": "input",
          "mapping": "${constants.Menu_Phrase}",
          "stepInput": "4928be47-d4b7-470c-8f3f-54a4b55c1bc1"
        },
        {
          "inputPort": "input",
          "mapping": "${constants.Restart_Phrase}",
          "stepInput": "1f8e1d28-0e24-4d75-8e3d-13d168e75cfb"
        },
        {
          "inputPort": "input",
          "mapping": "${constants.Invalid_Phrase}",
          "stepInput": "94d169ae-fb7a-4da8-bd39-9e95bdd4840c"
        },
        {
          "inputPort": "input",
          "mapping": "${constants.Record_Phrase}",
          "stepInput": "82766c44-37c5-499b-9f94-e507b5fb7d6c"
        },
        {
          "inputPort": "input",
          "mapping": "${constants.Record_Fail_Phrase}",
          "stepInput": "d63dcbe6-a5cb-40d3-92de-1ac47d9eb5bc"
        },
        {
          "inputPort": "input",
          "mapping": "${constants.Record_Success_Phrase}",
          "stepInput": "de21ba7d-6aff-4e99-ad10-4f609e3806a2"
        },
        {
          "inputPort": "input",
          "mapping": "${constants.xMatters_Phrase}",
          "stepInput": "446647cd-491d-49e4-96eb-ff65a65a4f91"
        },
        {
          "inputPort": "input",
          "mapping": "${constants.Emptyoncall_Phrase}",
          "stepInput": "1c9a44dc-4902-46f4-9477-32c94b8b2782"
        },
        {
          "inputPort": "input",
          "mapping": "${constants.Noanswer_Phrase}",
          "stepInput": "d692851c-620b-45c2-b092-c369b6c10537"
        },
        {
          "inputPort": "input",
          "mapping": "${constants.Openbridge_Phrase}",
          "stepInput": "f3b9d798-6599-4fb1-81f9-070e87a7213b"
        },
        {
          "inputPort": "input",
          "mapping": "${constants.Livecall_Fail_Phrase}",
          "stepInput": "a0c9c53a-bc33-4c78-9d87-bf6cac884497"
        },
        {
          "inputPort": "input",
          "mapping": "${constants.Xmatters_Fail_Phrase}",
          "stepInput": "275951a8-6bf7-4ffc-bea0-4ab4742bce27"
        },
        {
          "inputPort": "input",
          "mapping": "${constants.Transcribe_Fail_Phrase}",
          "stepInput": "572b8b76-d6cf-4ba1-82e6-305c348c06b8"
        },
        {
          "inputPort": "input",
          "mapping": "${constants.Shorten_Fail_Phrase}",
          "stepInput": "3b82ab07-f89c-4b75-a4ff-6c0444517590"
        }
      ]
    },
    {
      "id": "a2e77284-6e80-4790-add7-92092f5fa260",
      "endpoint": "Twilio",
      "label": "Twilio Get Environment Resource",
      "environment": "HOSTED",
      "presentation": "{\"w\":60,\"x\":-73,\"h\":60,\"y\":-360}",
      "step": "7f092244-872d-4a13-9306-dfe6950f1825",
      "stepType": "SCRIPT_STEP"
    }
  ],
  "edges": [
    {
      "fromBlock": "85663464-ba50-484e-8885-4e7e2e43dd61",
      "fromPort": "output",
      "toBlock": "a2e77284-6e80-4790-add7-92092f5fa260",
      "toPort": "input"
    },
    {
      "fromBlock": "a2e77284-6e80-4790-add7-92092f5fa260",
      "fromPort": "output",
      "toBlock": "6a144a5c-7c14-40c4-a23c-e86ac030b137",
      "toPort": "input"
    },
    {
      "fromBlock": "17c7aa69-56a2-4113-8bb5-4c986e24e4e8",
      "fromPort": "output",
      "toBlock": "85663464-ba50-484e-8885-4e7e2e43dd61",
      "toPort": "input"
    }
  ]
}