{
  "name": "Install Integration",
  "form": "a2549b89-dda0-4830-b901-baf2ef76c87a",
  "blocks": [
    {
      "id": "5f946ddf-53fa-4f20-b044-1a19552bf464",
      "endpoint": "Twilio",
      "label": "Create Twilio Service",
      "environment": "HOSTED",
      "presentation": "{\"w\":60,\"x\":-287,\"h\":60,\"y\":-361}",
      "step": "3ae95e14-8706-4a89-b39d-a97ebdfcb865",
      "stepType": "SCRIPT_STEP",
      "inputMappings": [
        {
          "inputPort": "input",
          "mapping": "${event.properties.Twilio Service Name}",
          "stepInput": "bd8038ae-744a-4bef-8a97-32dab449c636"
        },
        {
          "inputPort": "input",
          "mapping": "${event.properties.Functions to Deploy}",
          "stepInput": "90811f92-6a69-4744-b8db-7137504bfcf7"
        }
      ]
    },
    {
      "id": "a5c2159c-9943-4262-b649-e2d10162d802",
      "label": "Install Integration - Event Status Updates",
      "environment": "HOSTED",
      "presentation": "{\"w\":60,\"x\":-529,\"h\":60,\"y\":-361}",
      "step": "809459ab-32c3-49ea-a208-cfc50d51d926",
      "stepType": "INTEGRATION"
    },
    {
      "id": "17661520-e85b-4feb-a0b7-a827068d4980",
      "endpoint": "Twilio Upload Service",
      "label": "Twilio Create Function Version",
      "environment": "HOSTED",
      "presentation": "{\"w\":60,\"x\":628,\"h\":60,\"y\":-349}",
      "step": "cf7eae83-3a7e-4055-9625-1a170ace59dd",
      "stepType": "SCRIPT_STEP"
    },
    {
      "id": "e5f1f373-9ed4-4c2a-a57e-fbeeeaca6704",
      "endpoint": "Twilio",
      "label": "Twilio Create Variables",
      "environment": "HOSTED",
      "presentation": "{\"w\":60,\"x\":132,\"h\":60,\"y\":-359}",
      "step": "1e3485b3-bcc5-45db-a815-767f135a9803",
      "stepType": "SCRIPT_STEP",
      "inputMappings": [
        {
          "inputPort": "input",
          "mapping": "${event.properties.Twilio Service Name}",
          "stepInput": "2f57b43f-1225-4fae-8e1d-d228d9212a37"
        },
        {
          "inputPort": "input",
          "mapping": "${82bce4ee-00d3-4ac3-9af6-d62379e4438c.Environment Sid}",
          "stepInput": "c344df99-63e1-4916-a37b-78240b15dce3"
        },
        {
          "inputPort": "input",
          "mapping": "${constants.Intro_Phrase}",
          "stepInput": "7b18a5ee-7166-4f1d-aa18-0579b8827d61"
        },
        {
          "inputPort": "input",
          "mapping": "${constants.Alert_Phrase}",
          "stepInput": "f74e9e86-d649-4bee-8452-02db85a78182"
        },
        {
          "inputPort": "input",
          "mapping": "${constants.Conference_Phrase}",
          "stepInput": "66fb64d8-a11c-4b48-8c70-1231121fad05"
        },
        {
          "inputPort": "input",
          "mapping": "${constants.Incident_Phrase}",
          "stepInput": "b50cfdea-2dd0-4dd0-aa14-d1bc7ffb39e5"
        },
        {
          "inputPort": "input",
          "mapping": "${constants.Severity_Phrase}",
          "stepInput": "668bba19-56b5-4180-83ca-f89cd93235be"
        },
        {
          "inputPort": "input",
          "mapping": "${constants.Livecall_Phrase}",
          "stepInput": "bb6ba018-4262-40c1-ab8e-e7f7d38c5691"
        },
        {
          "inputPort": "input",
          "mapping": "${constants.Menu_Phrase}",
          "stepInput": "5f2d3120-f6b1-4839-b9cd-6e1c6f0141e0"
        },
        {
          "inputPort": "input",
          "mapping": "${constants.Restart_Phrase}",
          "stepInput": "4d3b6cbc-3e6a-48bb-b5aa-dd9d15ded757"
        },
        {
          "inputPort": "input",
          "mapping": "${constants.Invalid_Phrase}",
          "stepInput": "f7a84c37-de75-482a-9ae6-901aa6f2ab4d"
        },
        {
          "inputPort": "input",
          "mapping": "${constants.Record_Phrase}",
          "stepInput": "b84bd4fb-7122-4616-aeab-f82a021bcee1"
        },
        {
          "inputPort": "input",
          "mapping": "${constants.Record_Fail_Phrase}",
          "stepInput": "96a73299-cd78-4201-ac44-2815241383b1"
        },
        {
          "inputPort": "input",
          "mapping": "${constants.Record_Success_Phrase}",
          "stepInput": "092582d6-fd71-4a2d-bada-8ac703e6777d"
        },
        {
          "inputPort": "input",
          "mapping": "${constants.xMatters_Phrase}",
          "stepInput": "f9575590-85a7-47e8-b9e5-807f843f3df1"
        },
        {
          "inputPort": "input",
          "mapping": "${constants.Emptyoncall_Phrase}",
          "stepInput": "b1f51f7f-d98f-4cb8-a3fb-28b728241def"
        },
        {
          "inputPort": "input",
          "mapping": "${constants.Noanswer_Phrase}",
          "stepInput": "5d9c04bb-f17a-43fe-a367-aa228a5c8fe4"
        },
        {
          "inputPort": "input",
          "mapping": "${constants.Openbridge_Phrase}",
          "stepInput": "557fac2b-c10d-4013-8997-c7580c23bd5e"
        },
        {
          "inputPort": "input",
          "mapping": "${constants.Livecall_Fail_Phrase}",
          "stepInput": "b3fdaa21-043e-42a0-bd15-81c7cff2d716"
        },
        {
          "inputPort": "input",
          "mapping": "${constants.Xmatters_Fail_Phrase}",
          "stepInput": "5be6814d-ed62-42ab-98b3-bb84c2bbe483"
        },
        {
          "inputPort": "input",
          "mapping": "${constants.Transcribe_Fail_Phrase}",
          "stepInput": "860274bd-85b7-4410-b03c-145c10fb5d94"
        },
        {
          "inputPort": "input",
          "mapping": "${constants.Shorten_Fail_Phrase}",
          "stepInput": "083048c6-018f-4f7c-a843-5bde03126a96"
        }
      ]
    },
    {
      "id": "82bce4ee-00d3-4ac3-9af6-d62379e4438c",
      "endpoint": "Twilio",
      "label": "Twilio Get Environment Resource",
      "environment": "HOSTED",
      "presentation": "{\"w\":60,\"x\":-73,\"h\":60,\"y\":-360}",
      "step": "e03cd947-5842-4477-859e-2013dd0a7e8b",
      "stepType": "SCRIPT_STEP",
      "inputMappings": [
        {
          "inputPort": "input",
          "mapping": "${event.properties.Twilio Service Name}",
          "stepInput": "eb0a10d7-4614-428f-ac5c-0ca0a98a2eb3"
        }
      ]
    }
  ],
  "edges": [
    {
      "fromBlock": "82bce4ee-00d3-4ac3-9af6-d62379e4438c",
      "fromPort": "output",
      "toBlock": "e5f1f373-9ed4-4c2a-a57e-fbeeeaca6704",
      "toPort": "input"
    },
    {
      "fromBlock": "a5c2159c-9943-4262-b649-e2d10162d802",
      "fromPort": "output",
      "toBlock": "5f946ddf-53fa-4f20-b044-1a19552bf464",
      "toPort": "input"
    },
    {
      "fromBlock": "5f946ddf-53fa-4f20-b044-1a19552bf464",
      "fromPort": "output",
      "toBlock": "82bce4ee-00d3-4ac3-9af6-d62379e4438c",
      "toPort": "input"
    }
  ]
}