{
  "name": "No Answer",
  "form": "8eec1746-c7ff-4945-8dab-6d7f32a6a1a8",
  "blocks": [
    {
      "id": "d3837ad0-b6cf-4067-be22-04bd3fd75ea4",
      "label": "Create Event - No Answer",
      "environment": "HOSTED",
      "presentation": "{\"w\":60,\"x\":220,\"h\":60,\"y\":40}",
      "step": "8eec1746-c7ff-4945-8dab-6d7f32a6a1a8",
      "stepType": "CREATE_EVENT",
      "inputMappings": [
        {
          "inputPort": "input",
          "mapping": "${60524551-6ad6-4f4c-aa31-4e60f4835f19.whoCalled}",
          "sectionItemKey": "cffaa0ba-d860-4ef2-9ecb-5ad221082c68"
        },
        {
          "inputPort": "input",
          "mapping": "${60524551-6ad6-4f4c-aa31-4e60f4835f19.targetGroup}",
          "sectionItemKey": "32a21ad1-07a4-4e7c-8d3b-907f77a5a27d"
        },
        {
          "inputPort": "input",
          "mapping": "Android Phone,Android Tablet,Home Email,iPad,iPhone,iPod,On-Call SMS,Q10,SMS Phone,Work Email,Z10,Z30",
          "sectionItemKey": "0ba19e71-09f8-5e77-b2e8-c8805ced7dd5"
        },
        {
          "inputPort": "input",
          "mapping": "${60524551-6ad6-4f4c-aa31-4e60f4835f19.targetGroup}",
          "sectionItemKey": "recipients"
        }
      ]
    },
    {
      "id": "60524551-6ad6-4f4c-aa31-4e60f4835f19",
      "label": "No Answer - xMatters by Phone No Answer",
      "environment": "HOSTED",
      "presentation": "{\"w\":60,\"x\":0,\"h\":60,\"y\":40}",
      "step": "8b1e9be8-bd3b-4143-940b-327f5e60c657",
      "stepType": "INTEGRATION"
    }
  ],
  "edges": [
    {
      "fromBlock": "60524551-6ad6-4f4c-aa31-4e60f4835f19",
      "fromPort": "output",
      "toBlock": "d3837ad0-b6cf-4067-be22-04bd3fd75ea4",
      "toPort": "input"
    }
  ]
}