{
  "name": "On-Call Resource Alert",
  "form": "39aef007-2b5f-4b7a-bd56-a4f33ddb21b0",
  "blocks": [
    {
      "id": "b751712e-d03c-484a-a885-a254a16af513",
      "label": "Create Event - On-Call Resource Alert",
      "environment": "HOSTED",
      "presentation": "{\"w\":60,\"x\":440,\"h\":60,\"y\":190}",
      "step": "39aef007-2b5f-4b7a-bd56-a4f33ddb21b0",
      "stepType": "CREATE_EVENT",
      "inputMappings": [
        {
          "inputPort": "input",
          "mapping": "${49e26313-f0ab-40de-9568-2405b5d07e8e.Description}",
          "sectionItemKey": "a55e801e-7409-4738-98ec-863586440f5b"
        },
        {
          "inputPort": "input",
          "mapping": "${49e26313-f0ab-40de-9568-2405b5d07e8e.Audio URL}",
          "sectionItemKey": "2403aa0e-5471-43f7-87e6-564c7378727a"
        },
        {
          "inputPort": "input",
          "mapping": "${49e26313-f0ab-40de-9568-2405b5d07e8e.Severity}",
          "sectionItemKey": "5208a613-5b28-470b-9468-6393e5ecc895"
        },
        {
          "inputPort": "input",
          "mapping": "${49e26313-f0ab-40de-9568-2405b5d07e8e.Type}",
          "sectionItemKey": "720c21e5-f5ed-4fe2-9eee-04314c9b6739"
        },
        {
          "inputPort": "input",
          "mapping": "${49e26313-f0ab-40de-9568-2405b5d07e8e.Short Description}",
          "sectionItemKey": "6565362e-2264-40eb-a3c9-bc658f41af01"
        },
        {
          "inputPort": "input",
          "mapping": "${49e26313-f0ab-40de-9568-2405b5d07e8e.Recipients}",
          "sectionItemKey": "recipients"
        }
      ]
    },
    {
      "id": "d097483c-c329-4dde-9e03-15f884dec0fc",
      "label": "Create Event - On-Call Resource Alert",
      "environment": "HOSTED",
      "presentation": "{\"w\":60,\"x\":1100,\"h\":60,\"y\":340}",
      "step": "39aef007-2b5f-4b7a-bd56-a4f33ddb21b0",
      "stepType": "CREATE_EVENT",
      "inputMappings": [
        {
          "inputPort": "input",
          "mapping": "${49e26313-f0ab-40de-9568-2405b5d07e8e.Description}",
          "sectionItemKey": "a55e801e-7409-4738-98ec-863586440f5b"
        },
        {
          "inputPort": "input",
          "mapping": "${49e26313-f0ab-40de-9568-2405b5d07e8e.Type}",
          "sectionItemKey": "720c21e5-f5ed-4fe2-9eee-04314c9b6739"
        },
        {
          "inputPort": "input",
          "mapping": "${49e26313-f0ab-40de-9568-2405b5d07e8e.Severity}",
          "sectionItemKey": "5208a613-5b28-470b-9468-6393e5ecc895"
        },
        {
          "inputPort": "input",
          "mapping": "${49e26313-f0ab-40de-9568-2405b5d07e8e.Audio URL}",
          "sectionItemKey": "2403aa0e-5471-43f7-87e6-564c7378727a"
        },
        {
          "inputPort": "input",
          "mapping": "${49e26313-f0ab-40de-9568-2405b5d07e8e.Recipients}",
          "sectionItemKey": "recipients"
        },
        {
          "inputPort": "input",
          "mapping": "${49e26313-f0ab-40de-9568-2405b5d07e8e.Short Description}",
          "sectionItemKey": "6565362e-2264-40eb-a3c9-bc658f41af01"
        },
        {
          "inputPort": "input",
          "mapping": "${c1b78069-8a9f-4dd5-a2ed-504b34868d07.Incident ID}",
          "sectionItemKey": "incident"
        }
      ]
    },
    {
      "id": "2a067841-b7c6-46b3-bd75-d1a43cd58a75",
      "label": "Create Event - On-Call Resource Conference",
      "environment": "HOSTED",
      "presentation": "{\"w\":60,\"x\":440,\"h\":60,\"y\":490}",
      "step": "92455303-5c49-41e1-82d6-7ba865d25fe8",
      "stepType": "CREATE_EVENT",
      "inputMappings": [
        {
          "inputPort": "input",
          "mapping": "${49e26313-f0ab-40de-9568-2405b5d07e8e.Recipients}",
          "sectionItemKey": "recipients"
        },
        {
          "inputPort": "input",
          "mapping": "${49e26313-f0ab-40de-9568-2405b5d07e8e.Short Description}",
          "sectionItemKey": "6565362e-2264-40eb-a3c9-bc658f41af01"
        },
        {
          "inputPort": "input",
          "mapping": "${49e26313-f0ab-40de-9568-2405b5d07e8e.Description}",
          "sectionItemKey": "a55e801e-7409-4738-98ec-863586440f5b"
        },
        {
          "inputPort": "input",
          "mapping": "${49e26313-f0ab-40de-9568-2405b5d07e8e.Audio URL}",
          "sectionItemKey": "2403aa0e-5471-43f7-87e6-564c7378727a"
        }
      ]
    },
    {
      "id": "c1b78069-8a9f-4dd5-a2ed-504b34868d07",
      "label": "Initiate Incident",
      "environment": "HOSTED",
      "presentation": "{\"w\":60,\"x\":660,\"h\":60,\"y\":340}",
      "step": "ce96308e-aa54-564d-97b0-33b3c1c1b73a",
      "stepType": "SCRIPT_STEP",
      "inputMappings": [
        {
          "inputPort": "input",
          "mapping": "${49e26313-f0ab-40de-9568-2405b5d07e8e.Short Description}",
          "stepInput": "3ee09491-a355-5a0d-b5cd-ec44297d5e36"
        },
        {
          "inputPort": "input",
          "mapping": "${49e26313-f0ab-40de-9568-2405b5d07e8e.Description}",
          "stepInput": "b78e5000-4866-5ca8-8476-3cf95e47dc1a"
        },
        {
          "inputPort": "input",
          "mapping": "${9b25a330-9e1a-47f3-95c7-610423a49df1.Severity}",
          "stepInput": "2d0b9932-1565-56bf-95f0-bac6b71ca35e"
        }
      ]
    },
    {
      "id": "49e26313-f0ab-40de-9568-2405b5d07e8e",
      "label": "Initiate by Phone",
      "environment": "HOSTED",
      "presentation": "{\"w\":60,\"x\":0,\"h\":60,\"y\":40}",
      "step": "e6deb630-5172-48f3-876a-f7a7082eaacd",
      "stepType": "INTEGRATION"
    },
    {
      "id": "4bd00bc7-d1fa-4c6c-be9c-685cda535ac0",
      "label": "Map Event Priority",
      "environment": "HOSTED",
      "presentation": "{\"w\":60,\"x\":880,\"h\":60,\"y\":340}",
      "step": "3dfb1912-ac8e-511c-bda2-bfa26468f45f",
      "stepType": "SCRIPT_STEP",
      "inputMappings": [
        {
          "inputPort": "input",
          "mapping": "${49e26313-f0ab-40de-9568-2405b5d07e8e.Severity}",
          "stepInput": "de18abef-205c-5537-a66f-fcf40ac45134"
        },
        {
          "inputPort": "input",
          "mapping": "Medium",
          "stepInput": "db13181c-e7c8-500a-8f9d-45376d595292"
        },
        {
          "inputPort": "input",
          "mapping": "1\n2",
          "stepInput": "38903fed-af50-53ad-9e48-6322307154d8"
        },
        {
          "inputPort": "input",
          "mapping": "3\n4",
          "stepInput": "7d42564d-e817-5e69-a7ad-6ffdeb3c315d"
        },
        {
          "inputPort": "input",
          "mapping": "5",
          "stepInput": "64aa4130-e2a6-5823-b3d1-68462fbbbb71"
        },
        {
          "inputPort": "input",
          "mapping": "false",
          "stepInput": "c1563ca7-b0e8-5095-879a-389bb86355f8"
        },
        {
          "inputPort": "input",
          "mapping": "false",
          "stepInput": "06e6f151-5984-56f5-8f57-d939f26423be"
        }
      ]
    },
    {
      "id": "9b25a330-9e1a-47f3-95c7-610423a49df1",
      "label": "Map Incident Severity",
      "environment": "HOSTED",
      "presentation": "{\"w\":60,\"x\":440,\"h\":60,\"y\":340}",
      "step": "92274a02-50fe-565e-9759-e7b42b1848e6",
      "stepType": "SCRIPT_STEP",
      "inputMappings": [
        {
          "inputPort": "input",
          "mapping": "${49e26313-f0ab-40de-9568-2405b5d07e8e.Severity}",
          "stepInput": "e8482cf1-35ae-513c-a8ac-1b6f1165cb1d"
        },
        {
          "inputPort": "input",
          "mapping": "Medium",
          "stepInput": "806143b2-434c-53db-afe8-ea003d6b940a"
        },
        {
          "inputPort": "input",
          "mapping": "1",
          "stepInput": "fc17ab5c-f4b7-5966-8450-fa977e9290c3"
        },
        {
          "inputPort": "input",
          "mapping": "2",
          "stepInput": "7c075e04-c5cc-5bc6-91fa-420ffbd9b9ff"
        },
        {
          "inputPort": "input",
          "mapping": "3",
          "stepInput": "0b7644ac-a1be-5715-91b6-369b79421c43"
        },
        {
          "inputPort": "input",
          "mapping": "4",
          "stepInput": "4fec054a-0e20-5e30-aae9-55446c2ae576"
        },
        {
          "inputPort": "input",
          "mapping": "5",
          "stepInput": "ad0aa2a0-ae28-58c8-b8c6-f287745e807e"
        },
        {
          "inputPort": "input",
          "mapping": "false",
          "stepInput": "c6b79431-e91e-5a8c-9fd0-1094121cfa64"
        },
        {
          "inputPort": "input",
          "mapping": "false",
          "stepInput": "7a70637b-54f6-5311-af70-5f37f41f2ee5"
        }
      ]
    },
    {
      "id": "e4e82b9f-0520-4026-a1ea-87f8d8ecea76",
      "label": "Switch",
      "environment": "HOSTED",
      "presentation": "{\"w\":60,\"x\":220,\"h\":60,\"y\":56}",
      "stepType": "SWITCH",
      "inputMappings": [
        {
          "inputPort": "input",
          "mapping": "${49e26313-f0ab-40de-9568-2405b5d07e8e.Type}"
        }
      ],
      "switchCases": [
        {
          "caseId": "2c8baaaa-52ed-458e-a5f5-ef31a15b959b",
          "caseValue": "Alert"
        },
        {
          "caseId": "b96295d4-cb46-4835-aeb5-d59ed41ee27a",
          "caseValue": "On-call"
        }
      ]
    }
  ],
  "edges": [
    {
      "fromBlock": "9b25a330-9e1a-47f3-95c7-610423a49df1",
      "fromPort": "output",
      "toBlock": "c1b78069-8a9f-4dd5-a2ed-504b34868d07",
      "toPort": "input"
    },
    {
      "fromBlock": "c1b78069-8a9f-4dd5-a2ed-504b34868d07",
      "fromPort": "output",
      "toBlock": "4bd00bc7-d1fa-4c6c-be9c-685cda535ac0",
      "toPort": "input"
    },
    {
      "fromBlock": "e4e82b9f-0520-4026-a1ea-87f8d8ecea76",
      "fromPort": "17866a8c-25d2-4bd2-8d76-b86946855f16",
      "toBlock": "9b25a330-9e1a-47f3-95c7-610423a49df1",
      "toPort": "input"
    },
    {
      "fromBlock": "e4e82b9f-0520-4026-a1ea-87f8d8ecea76",
      "fromPort": "2c8baaaa-52ed-458e-a5f5-ef31a15b959b",
      "toBlock": "b751712e-d03c-484a-a885-a254a16af513",
      "toPort": "input"
    },
    {
      "fromBlock": "e4e82b9f-0520-4026-a1ea-87f8d8ecea76",
      "fromPort": "81da9240-40f5-4529-be9e-7829578dc3dd",
      "toBlock": "2a067841-b7c6-46b3-bd75-d1a43cd58a75",
      "toPort": "input"
    },
    {
      "fromBlock": "49e26313-f0ab-40de-9568-2405b5d07e8e",
      "fromPort": "output",
      "toBlock": "e4e82b9f-0520-4026-a1ea-87f8d8ecea76",
      "toPort": "input"
    },
    {
      "fromBlock": "4bd00bc7-d1fa-4c6c-be9c-685cda535ac0",
      "fromPort": "output",
      "toBlock": "d097483c-c329-4dde-9e03-15f884dec0fc",
      "toPort": "input"
    }
  ]
}