{
  "name": "On-Call Resource Alert",
  "description": "",
  "form": "0de7e430-4b02-4eba-9d0a-be6ae45fe5ef",
  "blocks": [
    {
      "id": "f92e38f5-f6c0-40b4-9cba-aa948c2694fc",
      "label": "Create Event - On-Call Resource Alert",
      "environment": "HOSTED",
      "presentation": "{\"w\":60,\"x\":1320,\"h\":60,\"y\":190}",
      "step": "0de7e430-4b02-4eba-9d0a-be6ae45fe5ef",
      "stepType": "CREATE_EVENT",
      "inputMappings": [
        {
          "inputPort": "input",
          "mapping": "${548261ed-98e1-49b6-9a33-e096512069a7.Description}",
          "sectionItemKey": "66cfe390-b80b-4151-9b12-ba773a7bb7c5"
        },
        {
          "inputPort": "input",
          "mapping": "${548261ed-98e1-49b6-9a33-e096512069a7.Severity}",
          "sectionItemKey": "142b697c-146e-4b13-9355-a1877284fc2d"
        },
        {
          "inputPort": "input",
          "mapping": "${548261ed-98e1-49b6-9a33-e096512069a7.Recipients}",
          "sectionItemKey": "recipients"
        },
        {
          "inputPort": "input",
          "mapping": "${548261ed-98e1-49b6-9a33-e096512069a7.Audio URL}",
          "sectionItemKey": "52073a47-4825-4040-b548-a175f55a62db"
        },
        {
          "inputPort": "input",
          "mapping": "${548261ed-98e1-49b6-9a33-e096512069a7.Type}",
          "sectionItemKey": "aefef15b-a15c-4114-8232-a7205596c795"
        },
        {
          "inputPort": "input",
          "mapping": "${f6a690cb-521c-466a-b31b-7638d0147190.incidentId}",
          "sectionItemKey": "incident"
        },
        {
          "inputPort": "input",
          "mapping": "${548261ed-98e1-49b6-9a33-e096512069a7.Short Description}",
          "sectionItemKey": "e2c28e6b-179b-4523-88eb-0c3e7ab0051a"
        }
      ]
    },
    {
      "id": "afd819b4-ccdd-47ee-a9c7-645851c27069",
      "label": "Create Event - On-Call Resource Conference",
      "environment": "HOSTED",
      "presentation": "{\"w\":60,\"x\":440,\"h\":60,\"y\":490}",
      "step": "8e99883f-d6cc-4d3c-908c-dcebf6198d7c",
      "stepType": "CREATE_EVENT",
      "inputMappings": [
        {
          "inputPort": "input",
          "mapping": "${548261ed-98e1-49b6-9a33-e096512069a7.Recipients}",
          "sectionItemKey": "recipients"
        },
        {
          "inputPort": "input",
          "mapping": "${548261ed-98e1-49b6-9a33-e096512069a7.Description}",
          "sectionItemKey": "66cfe390-b80b-4151-9b12-ba773a7bb7c5"
        },
        {
          "inputPort": "input",
          "mapping": "${548261ed-98e1-49b6-9a33-e096512069a7.Audio URL}",
          "sectionItemKey": "52073a47-4825-4040-b548-a175f55a62db"
        },
        {
          "inputPort": "input",
          "mapping": "${548261ed-98e1-49b6-9a33-e096512069a7.Short Description}",
          "sectionItemKey": "e2c28e6b-179b-4523-88eb-0c3e7ab0051a"
        }
      ]
    },
    {
      "id": "9c571347-900d-44e7-9b2e-aff5637d21c8",
      "label": "Initiate Incident",
      "environment": "HOSTED",
      "presentation": "{\"w\":60,\"x\":660,\"h\":60,\"y\":340}",
      "step": "ce96308e-aa54-564d-97b0-33b3c1c1b73a",
      "stepType": "SCRIPT_STEP",
      "inputMappings": [
        {
          "inputPort": "input",
          "mapping": "${548261ed-98e1-49b6-9a33-e096512069a7.Short Description}",
          "stepInput": "3ee09491-a355-5a0d-b5cd-ec44297d5e36"
        },
        {
          "inputPort": "input",
          "mapping": "${548261ed-98e1-49b6-9a33-e096512069a7.Description}",
          "stepInput": "b78e5000-4866-5ca8-8476-3cf95e47dc1a"
        },
        {
          "inputPort": "input",
          "mapping": "${92b5023b-3f06-4556-8729-b8e285d097cd.Severity}",
          "stepInput": "2d0b9932-1565-56bf-95f0-bac6b71ca35e"
        }
      ]
    },
    {
      "id": "548261ed-98e1-49b6-9a33-e096512069a7",
      "label": "Initiate by Phone",
      "environment": "HOSTED",
      "presentation": "{\"w\":60,\"x\":0,\"h\":60,\"y\":40}",
      "step": "135052c8-714a-410b-8719-7185017f21f8",
      "stepType": "INTEGRATION"
    },
    {
      "id": "d08b2bfc-bdc1-4032-ad17-a509e402d863",
      "label": "Map Event Priority",
      "environment": "HOSTED",
      "presentation": "{\"w\":60,\"x\":880,\"h\":60,\"y\":340}",
      "step": "3dfb1912-ac8e-511c-bda2-bfa26468f45f",
      "stepType": "SCRIPT_STEP",
      "inputMappings": [
        {
          "inputPort": "input",
          "mapping": "${548261ed-98e1-49b6-9a33-e096512069a7.Severity}",
          "stepInput": "de18abef-205c-5537-a66f-fcf40ac45134"
        },
        {
          "inputPort": "input",
          "mapping": "Medium",
          "stepInput": "db13181c-e7c8-500a-8f9d-45376d595292"
        },
        {
          "inputPort": "input",
          "mapping": "1\n2",
          "stepInput": "38903fed-af50-53ad-9e48-6322307154d8"
        },
        {
          "inputPort": "input",
          "mapping": "3\n4",
          "stepInput": "7d42564d-e817-5e69-a7ad-6ffdeb3c315d"
        },
        {
          "inputPort": "input",
          "mapping": "5",
          "stepInput": "64aa4130-e2a6-5823-b3d1-68462fbbbb71"
        },
        {
          "inputPort": "input",
          "mapping": "false",
          "stepInput": "c1563ca7-b0e8-5095-879a-389bb86355f8"
        },
        {
          "inputPort": "input",
          "mapping": "false",
          "stepInput": "06e6f151-5984-56f5-8f57-d939f26423be"
        }
      ]
    },
    {
      "id": "92b5023b-3f06-4556-8729-b8e285d097cd",
      "label": "Map Incident Severity",
      "environment": "HOSTED",
      "presentation": "{\"w\":60,\"x\":440,\"h\":60,\"y\":340}",
      "step": "92274a02-50fe-565e-9759-e7b42b1848e6",
      "stepType": "SCRIPT_STEP",
      "inputMappings": [
        {
          "inputPort": "input",
          "mapping": "${548261ed-98e1-49b6-9a33-e096512069a7.Severity}",
          "stepInput": "e8482cf1-35ae-513c-a8ac-1b6f1165cb1d"
        },
        {
          "inputPort": "input",
          "mapping": "Medium",
          "stepInput": "806143b2-434c-53db-afe8-ea003d6b940a"
        },
        {
          "inputPort": "input",
          "mapping": "1",
          "stepInput": "fc17ab5c-f4b7-5966-8450-fa977e9290c3"
        },
        {
          "inputPort": "input",
          "mapping": "2",
          "stepInput": "7c075e04-c5cc-5bc6-91fa-420ffbd9b9ff"
        },
        {
          "inputPort": "input",
          "mapping": "3",
          "stepInput": "0b7644ac-a1be-5715-91b6-369b79421c43"
        },
        {
          "inputPort": "input",
          "mapping": "4",
          "stepInput": "4fec054a-0e20-5e30-aae9-55446c2ae576"
        },
        {
          "inputPort": "input",
          "mapping": "5",
          "stepInput": "ad0aa2a0-ae28-58c8-b8c6-f287745e807e"
        },
        {
          "inputPort": "input",
          "mapping": "false",
          "stepInput": "c6b79431-e91e-5a8c-9fd0-1094121cfa64"
        },
        {
          "inputPort": "input",
          "mapping": "false",
          "stepInput": "7a70637b-54f6-5311-af70-5f37f41f2ee5"
        }
      ]
    },
    {
      "id": "f6a690cb-521c-466a-b31b-7638d0147190",
      "label": "Merge",
      "environment": "HOSTED",
      "presentation": "{\"w\":60,\"x\":1100,\"h\":60,\"y\":190}",
      "stepType": "MERGE",
      "inputMappings": [
        {
          "inputPort": "37a8391a-be6d-4a48-8eaa-4736fdf548a4",
          "mapping": "Medium",
          "outputId": "e491a2f7-abe0-491f-a734-1464e96c12db"
        },
        {
          "inputPort": "d08b2bfc-bdc1-4032-ad17-a509e402d863",
          "mapping": "${d08b2bfc-bdc1-4032-ad17-a509e402d863.Priority}",
          "outputId": "e491a2f7-abe0-491f-a734-1464e96c12db"
        }
      ],
      "mergeOutputs": [
        {
          "outputId": "496d3985-95a5-4ff4-9b33-64611edd1d32",
          "name": "incidentId",
          "order": 0
        },
        {
          "outputId": "e491a2f7-abe0-491f-a734-1464e96c12db",
          "name": "Priority",
          "order": 1
        }
      ]
    },
    {
      "id": "37a8391a-be6d-4a48-8eaa-4736fdf548a4",
      "label": "Switch",
      "environment": "HOSTED",
      "presentation": "{\"w\":60,\"x\":220,\"h\":60,\"y\":55}",
      "stepType": "SWITCH",
      "inputMappings": [
        {
          "inputPort": "input",
          "mapping": "${548261ed-98e1-49b6-9a33-e096512069a7.Type}"
        }
      ],
      "switchCases": [
        {
          "caseId": "5e836349-1a33-453b-a315-4a6448521a88",
          "caseValue": "Alert"
        },
        {
          "caseId": "08f01921-3132-46d5-a2f8-0a23086628cc",
          "caseValue": "On-call"
        }
      ]
    }
  ],
  "edges": [
    {
      "fromBlock": "92b5023b-3f06-4556-8729-b8e285d097cd",
      "fromPort": "output",
      "toBlock": "9c571347-900d-44e7-9b2e-aff5637d21c8",
      "toPort": "input"
    },
    {
      "fromBlock": "9c571347-900d-44e7-9b2e-aff5637d21c8",
      "fromPort": "output",
      "toBlock": "d08b2bfc-bdc1-4032-ad17-a509e402d863",
      "toPort": "input"
    },
    {
      "fromBlock": "d08b2bfc-bdc1-4032-ad17-a509e402d863",
      "fromPort": "output",
      "toBlock": "f6a690cb-521c-466a-b31b-7638d0147190",
      "toPort": "d08b2bfc-bdc1-4032-ad17-a509e402d863"
    },
    {
      "fromBlock": "f6a690cb-521c-466a-b31b-7638d0147190",
      "fromPort": "output",
      "toBlock": "f92e38f5-f6c0-40b4-9cba-aa948c2694fc",
      "toPort": "input"
    },
    {
      "fromBlock": "37a8391a-be6d-4a48-8eaa-4736fdf548a4",
      "fromPort": "17866a8c-25d2-4bd2-8d76-b86946855f16",
      "toBlock": "92b5023b-3f06-4556-8729-b8e285d097cd",
      "toPort": "input"
    },
    {
      "fromBlock": "37a8391a-be6d-4a48-8eaa-4736fdf548a4",
      "fromPort": "81da9240-40f5-4529-be9e-7829578dc3dd",
      "toBlock": "afd819b4-ccdd-47ee-a9c7-645851c27069",
      "toPort": "input"
    },
    {
      "fromBlock": "37a8391a-be6d-4a48-8eaa-4736fdf548a4",
      "fromPort": "5e836349-1a33-453b-a315-4a6448521a88",
      "toBlock": "f6a690cb-521c-466a-b31b-7638d0147190",
      "toPort": "37a8391a-be6d-4a48-8eaa-4736fdf548a4"
    },
    {
      "fromBlock": "548261ed-98e1-49b6-9a33-e096512069a7",
      "fromPort": "output",
      "toBlock": "37a8391a-be6d-4a48-8eaa-4736fdf548a4",
      "toPort": "input"
    }
  ]
}