{
  "integrations": [
    {
      "id": "e6deb630-5172-48f3-876a-f7a7082eaacd",
      "name": "Initiate by Phone",
      "action": "RUN_SCRIPT",
      "type": "INBOUND_WEBHOOK",
      "deployed": true,
      "form": "39aef007-2b5f-4b7a-bd56-a4f33ddb21b0",
      "environment": "HOSTED",
      "authType": "URL",
      "createdBy": "FLOW",
      "integrationScriptStepUuid": "20f689fd-fee3-4712-a859-7495a5b3f551"
    },
    {
      "id": "809459ab-32c3-49ea-a208-cfc50d51d926",
      "name": "Install Integration - Event Status Updates",
      "action": "RUN_SCRIPT",
      "type": "OUTBOUND_WEBHOOK",
      "triggeredBy": "STATUS",
      "deployed": true,
      "form": "a2549b89-dda0-4830-b901-baf2ef76c87a",
      "environment": "HOSTED",
      "authType": "NONE",
      "createdBy": "FLOW"
    },
    {
      "id": "8b1e9be8-bd3b-4143-940b-327f5e60c657",
      "name": "No Answer - xMatters by Phone No Answer",
      "action": "RUN_SCRIPT",
      "type": "INBOUND_WEBHOOK",
      "deployed": true,
      "form": "8eec1746-c7ff-4945-8dab-6d7f32a6a1a8",
      "environment": "HOSTED",
      "authType": "URL",
      "createdBy": "FLOW",
      "integrationScriptStepUuid": "291ec297-7464-4337-99ad-48b60c1ff4d1"
    }
  ],
  "endpoints": [
    {
      "name": "Twilio",
      "baseUrl": "https://serverless.twilio.com/v1/",
      "type": "EXTERNAL",
      "authentication": "BASIC"
    },
    {
      "name": "Twilio Function Install Service",
      "baseUrl": "https://twilio-install-function-server.herokuapp.com/",
      "type": "EXTERNAL",
      "authentication": "NO_AUTH"
    }
  ],
  "constants": [
    {
      "name": "Alert_Phrase",
      "value": "What group would you like to alert?",
      "description": "Plays when Option to create xMatters Alert is selected."
    },
    {
      "name": "Conference_Phrase",
      "value": "What group would you like to invite to the conference?",
      "description": "Plays when Option to Create xMatters Conference Bridge is selected."
    },
    {
      "name": "Emptyoncall_Phrase",
      "value": "There is no one with a voice device on call right now. You might want to try another group or a different type of alert.",
      "description": "Played when there is no one on-call for the selected groups when using live call action.."
    },
    {
      "name": "Incident_Phrase",
      "value": "What group would you like to invite to the incident?",
      "description": "Plays when Option to Create xMatters Incident is selected."
    },
    {
      "name": "Intro_Phrase",
      "value": "What's the problem?",
      "description": "The initial introduction phrase played before instructions are played."
    },
    {
      "name": "Invalid_Phrase",
      "value": "Invalid Digit. Listen carefully.",
      "description": "Invalid Digit. Listen carefully."
    },
    {
      "name": "Livecall_Fail_Phrase",
      "value": "Oops, Something went wrong. Please try again.",
      "description": "Played when a livecall fails to connect or some other miscellaneous error happens."
    },
    {
      "name": "Livecall_Phrase",
      "value": "What group would you like to speak directly with?",
      "description": "Plays when Option to speak directly with on-call resource is selected."
    },
    {
      "name": "Menu_Phrase",
      "value": "Press star at any time to return to this menu.",
      "description": "Instructions for returning to main menu if you want to start over. This is played at the end of initial menu instructions and start can be dialed at any time to return to the main menu. The only way to return to the main menu is by dialing star (*) changing this phrase will not change the way the integration works."
    },
    {
      "name": "Noanswer_Phrase",
      "value": "It's all fun and games, then the Primary On call forgets to answer the phone... You might want to try another group or a different type of alert.",
      "description": "Played when the primary on-call does not answer the phone."
    },
    {
      "name": "Openbridge_Phrase",
      "value": "xMatters is spinning up the conference bridge, I will connect you when it's ready.",
      "description": "Played while an xMatters bridge is being opened before the user is connected."
    },
    {
      "name": "Record_Fail_Phrase",
      "value": "Without failure, there is no achievement. Lets try again.",
      "description": "Played when dialing 2,3,4,5,6,7,8,9,0,# to restart a recording."
    },
    {
      "name": "Record_Phrase",
      "value": "Record your message after the beep. Press 1 when you are happy with your recording, any other key to restart.",
      "description": "Played as instructions for recording a message. Changing the instructions here will not change the integrations. Dialing 1 will still save the recording and anything else will end it."
    },
    {
      "name": "Record_Success_Phrase",
      "value": "You are a natural! I've sent this over to x matters.",
      "description": "Played when a message is successfully recorded."
    },
    {
      "name": "Restart_Phrase",
      "value": "Main menu...",
      "description": "Played when a user dials star to return to the main menu."
    },
    {
      "name": "Severity_Phrase",
      "value": "What severity is the incident, dial 1 to 5?",
      "description": "Played to gather incident severity. You cannot change the expected digits for the integration by changing this phrase."
    },
    {
      "name": "Shorten_Fail_Phrase",
      "value": "There was a problem shortening the recording u.r.l but do not worry, we will proceed with the long one instead.",
      "description": "Played when shortening a recording url fails."
    },
    {
      "name": "Transcribe_Fail_Phrase",
      "value": "I'm sorry, something went wrong transcribing your audio. We need to make the recording again.",
      "description": "Played when a transcription fails. Usually when a recording is either less than 2 seconds or greater than 90 seconds in length."
    },
    {
      "name": "Xmatters_Fail_Phrase",
      "value": "Oops, something went wrong. The event has not been sent. You will need to send this event directly from x matters.",
      "description": "Played when an event fails to send over to xMatters."
    },
    {
      "name": "xMatters_Phrase",
      "value": "Sit back and relax, x matters is taking care of business. Goodbye.",
      "description": "Played when an xMatters Alert or Incident has been created successfully and just before the phone connection is terminated."
    }
  ]
}