{
  "integrations": [
    {
      "id": "e6deb630-5172-48f3-876a-f7a7082eaacd",
      "name": "Initiate by Phone",
      "action": "RUN_SCRIPT",
      "type": "INBOUND_WEBHOOK",
      "deployed": true,
      "form": "39aef007-2b5f-4b7a-bd56-a4f33ddb21b0",
      "environment": "HOSTED",
      "authType": "URL",
      "createdBy": "FLOW",
      "integrationScriptStepUuid": "20f689fd-fee3-4712-a859-7495a5b3f551"
    },
    {
      "id": "809459ab-32c3-49ea-a208-cfc50d51d926",
      "name": "Install Integration - Event Status Updates",
      "action": "RUN_SCRIPT",
      "type": "OUTBOUND_WEBHOOK",
      "triggeredBy": "STATUS",
      "deployed": true,
      "form": "a2549b89-dda0-4830-b901-baf2ef76c87a",
      "environment": "HOSTED",
      "authType": "NONE",
      "createdBy": "FLOW"
    },
    {
      "id": "8b1e9be8-bd3b-4143-940b-327f5e60c657",
      "name": "No Answer - xMatters by Phone No Answer",
      "action": "RUN_SCRIPT",
      "type": "INBOUND_WEBHOOK",
      "deployed": true,
      "form": "8eec1746-c7ff-4945-8dab-6d7f32a6a1a8",
      "environment": "HOSTED",
      "authType": "URL",
      "createdBy": "FLOW",
      "integrationScriptStepUuid": "291ec297-7464-4337-99ad-48b60c1ff4d1"
    },
    {
      "id": "a77562ae-05f3-4e6d-b870-bda997117b5c",
      "name": "On-Call Conference",
      "action": "CREATE_EVENT",
      "type": "INBOUND_WEBHOOK",
      "deployed": true,
      "form": "92455303-5c49-41e1-82d6-7ba865d25fe8",
      "script": "/******************************************************************************\n * Inbound integrations - create an xMatters event\n *\n * Inbound integrations enable you to configure and initiate an xMatters event\n * from any system that can send a webhook.\n *\n * The following event properties can be configured from this script:\n * - recipients\n * - form properties\n * - event priority\n * - conference bridge settings\n * - responses (choose a subset of existing responses)\n *\n * Each inbound integration is authenticated independently, which enables you\n * to initiate an event without storing the login credentials of your xMatters\n * account.\n *\n * To run an inbound integration script, send a POST request to the\n * inbound integration URL and include data in the request body that the script\n * can use to populate the form. The script can access the request data from\n * the script's built-in request object.\n *\n * The following sample code shows how to read the request's payload and use it\n * to populate a form and initiate an event. You can use it as a template and\n * modify it to work with your integration.\n ******************************************************************************/\n\n/**\n * Parse incoming data\n *\n * Typically, data is passed into an inbound integration as XML or JSON in the request\n * body, but you can represent the data in another format or include it as a query\n * parameter.\n *\n * The script's built-in request object enables you to access the elements of the\n * request, including the payload contained in the request body and any URL\n * parameters. The following code snippets show how to retrieve these values.\n * Choose the option that matches how your system includes data in the request to\n * the inbound integration URL.\n */\nvar payload = JSON.parse(request.body);  //Use this if the payload is a JSON object in the request body\n//var payload = JXON.parse(request.body);  //Use this if the payload is XML in the request body\n//var payload = request.parameters;        //Use this if the payload is in a query parameter\n\n console.log(\"Body \" + JSON.stringify(payload));\n console.log( payload.transcriptionText);\n/**\n * Customize the event\n *\n * The trigger object is a built-in object that you can use to populate an xMatters form\n * when you initiate an event.\n *\n * The following code snippets show how to populate the trigger object with recipients,\n * form properties, the event priority, response choices, and conference bridge settings.\n *\n * To trigger the event, make a call to form.post(trigger) with the populated trigger\n * object. If you call form.post(trigger) without populating the trigger object, the event\n * is initiated with the form's default settings.\n */\n\n/** Configure recipients **/\nif (payload.recipient){\nvar recipients = [];\nrecipients.push({'id': payload.recipient});  //Syntax to add a user\ntrigger.recipients = recipients;\n}\n\n/** Customize form properties **/\ntrigger.properties['Audio URL'] = payload.shorturl;\ntrigger.properties.Description = payload.transcriptionText;\n\nvar transcription = payload.transcriptionText;\n\nif (payload.transcriptionText !== undefined) {  \n    if(transcription.length > 275) {\n        trigger.properties['Short Description'] = transcription.substring(0,274)+\"...\";\n    }\n    else {\n        trigger.properties['Short Description'] = payload.transcriptionText;\n    }\n}\nelse {\n      trigger.properties['Description'] = \"Listen to the recording, there was a transcription error.\";\n      trigger.properties['Short Description'] = \"Listen to the recording, there was a transcription error.\";\n}\n\n/** Set the event priority and handling section options**/\n//trigger.priority = 'HIGH';  //Valid values include: 'HIGH', 'MEDIUM', 'LOW'\n//trigger.expirationInMinutes = 120;\n//trigger.bypassPhoneIntro = false;\n//trigger.escalationOverride = false;\n//trigger.overrideDeviceRestrictions = true;\n//trigger.requirePhonePassword = true;\n//var voicemailOptions = {};\n//voicemailOptions.every = 5;\n//voicemailOptions.leave = \"callbackonly\";\n//voicemailOptions.retry = 3;\n//trigger.voicemailOptions = voicemailOptions;\n\n/**\n * Set conference bridge settings\n * The form must be configured to use a conference bridge for these settings to take effect.\n */\n//Syntax for joining new xMatters-hosted bridge\n//var conference = {};\n//conference.type = \"BRIDGE\";\n//trigger.conference = conference;\n\n\n//Syntax for connecting to an external conference with a static bridge number\n//var conference = {};\n//conference.bridgeId = \"Webex\";\n//conference.type = \"EXTERNAL\";\n//trigger.conference = conference;\n\n\n\n/**\n * Trigger the event\n * Use form.post(trigger) to initiate the event.\n */\nform.post(trigger);\n",
      "environment": "HOSTED",
      "authType": "URL",
      "createdBy": "IB"
    }
  ],
  "endpoints": [
    {
      "name": "Twilio",
      "baseUrl": "https://serverless.twilio.com/v1/",
      "type": "EXTERNAL",
      "authentication": "BASIC"
    },
    {
      "name": "Twilio Upload Service",
      "baseUrl": "https://serverless-upload.twilio.com/v1/",
      "type": "EXTERNAL",
      "authentication": "BASIC"
    }
  ],
  "constants": [
    {
      "name": "Alert_Phrase",
      "value": "What group would you like to alert?",
      "description": "Plays when Option to create xMatters Alert is selected."
    },
    {
      "name": "Conference_Phrase",
      "value": "What group would you like to invite to the conference?",
      "description": "Plays when Option to Create xMatters Conference Bridge is selected."
    },
    {
      "name": "Emptyoncall_Phrase",
      "value": "There is no one with a voice device on call right now. You might want to try another group or a different type of alert.",
      "description": "Played when there is no one on-call for the selected groups when using live call action.."
    },
    {
      "name": "Incident_Phrase",
      "value": "What group would you like to invite to the incident?",
      "description": "Plays when Option to Create xMatters Incident is selected."
    },
    {
      "name": "Intro_Phrase",
      "value": "What's the problem?",
      "description": "The initial introduction phrase played before instructions are played."
    },
    {
      "name": "Invalid_Phrase",
      "value": "Invalid Digit. Listen carefully.",
      "description": "Invalid Digit. Listen carefully."
    },
    {
      "name": "Livecall_Fail_Phrase",
      "value": "Oops, Something went wrong. Please try again.",
      "description": "Played when a livecall fails to connect or some other miscellaneous error happens."
    },
    {
      "name": "Livecall_Phrase",
      "value": "What group would you like to speak directly with?",
      "description": "Plays when Option to speak directly with on-call resource is selected."
    },
    {
      "name": "Menu_Phrase",
      "value": "Press star at any time to return to this menu.",
      "description": "Instructions for returning to main menu if you want to start over. This is played at the end of initial menu instructions and start can be dialed at any time to return to the main menu. The only way to return to the main menu is by dialing star (*) changing this phrase will not change the way the integration works."
    },
    {
      "name": "Noanswer_Phrase",
      "value": "It's all fun and games, then the Primary On call forgets to answer the phone... You might want to try another group or a different type of alert.",
      "description": "Played when the primary on-call does not answer the phone."
    },
    {
      "name": "Openbridge_Phrase",
      "value": "xMatters is spinning up the conference bridge, I will connect you when it's ready.",
      "description": "Played while an xMatters bridge is being opened before the user is connected."
    },
    {
      "name": "Record_Fail_Phrase",
      "value": "Without failure, there is no achievement. Lets try again.",
      "description": "Played when dialing 2,3,4,5,6,7,8,9,0,# to restart a recording."
    },
    {
      "name": "Record_Phrase",
      "value": "Record your message after the beep. Press 1 when you are happy with your recording, any other key to restart.",
      "description": "Played as instructions for recording a message. Changing the instructions here will not change the integrations. Dialing 1 will still save the recording and anything else will end it."
    },
    {
      "name": "Record_Success_Phrase",
      "value": "You are a natural! I've sent this over to x matters.",
      "description": "Played when a message is successfully recorded."
    },
    {
      "name": "Restart_Phrase",
      "value": "Main menu...",
      "description": "Played when a user dials star to return to the main menu."
    },
    {
      "name": "Severity_Phrase",
      "value": "What severity is the incident, dial 1 to 5?",
      "description": "Played to gather incident severity. You cannot change the expected digits for the integration by changing this phrase."
    },
    {
      "name": "Shorten_Fail_Phrase",
      "value": "There was a problem shortening the recording u.r.l but do not worry, we will proceed with the long one instead.",
      "description": "Played when shortening a recording url fails."
    },
    {
      "name": "Transcribe_Fail_Phrase",
      "value": "I'm sorry, something went wrong transcribing your audio. We need to make the recording again.",
      "description": "Played when a transcription fails. Usually when a recording is either less than 2 seconds or greater than 90 seconds in length."
    },
    {
      "name": "Xmatters_Fail_Phrase",
      "value": "Oops, something went wrong. The event has not been sent. You will need to send this event directly from x matters.",
      "description": "Played when an event fails to send over to xMatters."
    },
    {
      "name": "xMatters_Phrase",
      "value": "Sit back and relax, x matters is taking care of business. Goodbye.",
      "description": "Played when an xMatters Alert or Incident has been created successfully and just before the phone connection is terminated."
    }
  ]
}