[
  {
    "id": "20f689fd-fee3-4712-a859-7495a5b3f551",
    "name": "Initiate by Phone",
    "description": "",
    "icon": "https://s3-xmatters-static.s3.amazonaws.com/null%2Fcustomers%2F8d580702-986e-4de3-873d-3a75b8073b42%2FIMAGE__20210217171512568__phone-icon.png",
    "script": "var payload = JSON.parse(request.body);  //Use this if the payload is a JSON object in the request body\n//var payload = JXON.parse(request.body);  //Use this if the payload is XML in the request body\n//var payload = request.parameters;        //Use this if the payload is in a query parameter\n\n console.log(\"Body \" + JSON.stringify(payload));\n console.log( payload.transcriptionText);\n\nif (payload.recipient){\n    output['Recipients'] = payload.recipient;\n} \n\n\n/** Customize form properties **/\noutput['Audio URL'] = payload.shorturl;\noutput['Description'] = payload.transcriptionText;\n\nvar transcription = payload.transcriptionText;\n\nif (payload.transcriptionText !== undefined) {  \n    if(transcription.length > 275) {\n        output['Short Description'] = transcription.substring(0,274)+\"...\";\n    }\n    else {\n        output['Short Description'] = payload.transcriptionText;\n    }\n}\nelse {\n        output['Description'] = \"Listen to the recording, there was a transcription error.\";\n        output['Short Description'] = \"Listen to the recording, there was a transcription error.\";\n}\n\noutput['Severity'] =  payload.severity;\n\n\noutput['Type'] = payload.what;\n",
    "endpointLabel": "",
    "allowedEnvironment": "HOSTED",
    "accessibleByAll": "NotShared",
    "triggerAuthType": "URL_AUTH",
    "scriptStepType": "CUSTOM_HTTP",
    "inputs": [],
    "outputs": [
      {
        "id": "12daa556-f807-49a4-b1bc-20d036a5bdec",
        "name": "Recipients",
        "description": "",
        "position": 0
      },
      {
        "id": "30b04b6f-85b1-46f0-b9d0-ac74fb1b2dd0",
        "name": "Audio URL",
        "description": "",
        "position": 1
      },
      {
        "id": "e10a5d24-38d8-4624-8d9c-15675ee50aeb",
        "name": "Description",
        "description": "",
        "position": 2
      },
      {
        "id": "b07c8621-b017-4b68-bbe1-b166ea3218b7",
        "name": "Short Description",
        "description": "",
        "position": 3
      },
      {
        "id": "7d2202a5-8b68-4e75-ae43-f3fede90a8df",
        "name": "Type",
        "description": "",
        "position": 4
      },
      {
        "id": "888e7646-bc24-4a6f-8ea2-5d1a111a4da2",
        "name": "Severity",
        "description": "",
        "position": 5
      }
    ],
    "libraries": []
  },
  {
    "id": "cf7eae83-3a7e-4055-9625-1a170ace59dd",
    "name": "Twilio Create Function Version",
    "description": "Creates a Twilio Function Version",
    "icon": "https://s3-xmatters-static.s3.amazonaws.com/null%2Fcustomers%2F8d580702-986e-4de3-873d-3a75b8073b42%2FIMAGE__20210217192445972__VrwpNfjh_400x400.png",
    "script": "// Create Function Version\r\nconsole.log(\"CREATING TWILIO FUNCTION VERSION\");\r\n \r\n//var functionNames = [\"xm_settings\",\"xm_action\",\"xm_group\",\"xm_record\",\"xm_livecall\",\"xm_escalate\",\"xm_confirmRec\",\"xm_shorten\",\"xm_message\"];\r\n\r\n  \r\n // for (var fun in functionNames) {\r\n\r\n  try {\r\n      \r\n        var apiRequest = http.request({\r\n          'endpoint': 'twilio',\r\n          'path': '/Services/' + constants['Twilio Service Name'] +'/Functions/'+input['Twilio Function Sid'] + \"/Versions\",\r\n          'method': 'POST',\r\n             'headers': {\r\n                'Content-Type': 'multipart/form-data'\r\n              }\r\n          });\r\n         \r\n         //'Content-Type': 'multipart/form-data'\r\n         //  \"Content-Transfer-Encoding\": \"base64\"\r\n         //    \"Content-Type\":\"multipart/form-data\"\r\n         //  'headers':{\"Content-Type\":\"application/javascript\"}\r\n         //  \"headers\":{Content=@file_name.js; type=application/javascript\"}\r\n         \r\n/*       \r\n       var script = \"my javascript code\";\r\n       var blob = new Blob([script], { type: 'text/plain'} );\r\n         console.log(\"BLOB created\");\r\n            console.log(\"myblob \" + blob);\r\n      \r\n       var formData = new FormData();\r\n        formData.append(\"file\", blob);\r\n\r\n  var apiResponse = apiRequest.write(formData);\r\n*/\r\n//\"dmFyIG15c3RyaW5nID0gIm15IHRlc3QgamF2YSBzY3JpcHQgc3RyaW5nIjs=\"\r\n  \r\n  var payload = {};\r\n  \r\n  var formData = {};\r\n  var content = `test; type=application/javascript`;\r\n // content.value = `Content=test; type=application/javascript`;\r\n  //content.type = \"application/javascript\";\r\n  \r\n  formData.Content = content;\r\n  formData.Path= '/xm_PATHtest';\r\n  formData.Visibility = 'private';\r\n\r\n  \r\n  payload.formData = formData;\r\n  \r\n\r\n  \r\n  \r\n        var apiResponse = apiRequest.write(\"`\" + JSON.stringify(formData) + \"`\");\r\n        \r\n        if (apiResponse.statusCode == 201) {\r\n            var twilioVersion = JSON.parse(apiResponse.body);\r\n              console.log(\"twilioVersion \" + JSON.stringify(twilioVersion));\r\n           output['Function Version'] = twilioVersion.url;\r\n            \r\n        }\r\n        else{\r\n            \r\n             console.log(\"Problem Creating Function Version: \" + JSON.stringify(apiResponse.body));\r\n        }\r\n    }\r\n    catch(error) {\r\n        console.log(\"Error Creating Function Version: \" + JSON.stringify(error));\r\n        \r\n    }\r\n\r\n//}\r\n      \r\n \r\n",
    "endpointLabel": "twilio",
    "allowedEnvironment": "HOSTED",
    "accessibleByAll": "NotShared",
    "scriptStepType": "USER",
    "inputs": [
      {
        "id": "8811ab6e-8940-44b7-9bb7-2577b00486e2",
        "name": "Twilio Function Sid",
        "helpText": "",
        "defaultValue": "",
        "multiline": false,
        "required": true,
        "validationRegex": "",
        "maxLength": 2000,
        "minLength": 0,
        "position": 0
      }
    ],
    "outputs": [
      {
        "id": "f0881f5c-332b-4127-82d8-25eac2f3cc16",
        "name": "Function Version",
        "description": "",
        "position": 0
      }
    ],
    "libraries": []
  },
  {
    "id": "3ae95e14-8706-4a89-b39d-a97ebdfcb865",
    "name": "Twilio Create Service",
    "description": "Creates a Twilio Service and all required function resources",
    "icon": "https://s3-xmatters-static.s3.amazonaws.com/null%2Fcustomers%2F8d580702-986e-4de3-873d-3a75b8073b42%2FIMAGE__20210217192445972__VrwpNfjh_400x400.png",
    "script": "// Create Service\r\nconsole.log(\"CREATING TWILIO SERVICE\");\r\n  try {\r\n      \r\n    var apiRequest = http.request({\r\n      'endpoint': 'twilio',\r\n      'path': '/Services',\r\n      'method': 'POST',\r\n      'headers':{\"Content-Type\":\"application/x-www-form-urlencoded\"}\r\n      });\r\n      \r\n            \r\n    var payload =  {\r\n          \"FriendlyName\": constants['Twilio Service Name'],\r\n          \"UniqueName\":constants['Twilio Service Name'],\r\n          \"IncludeCredentials\": true,\r\n          \"UiEditable\": true\r\n        };\r\n\r\n    var query =\"\";\r\n    for (var key in payload) {\r\n        query += encodeURIComponent(key)+\"=\"+encodeURIComponent(payload[key])+\"&\";\r\n    }\r\n     \r\n    var apiResponse = apiRequest.write(query);\r\n    if (apiResponse.statusCode == 201) {\r\n        var service = JSON.parse(apiResponse.body);\r\n        output['Service Sid'] = service.sid\r\n        \r\n    }\r\n    else{\r\n         console.log(\"Problem Creating Service: \" + JSON.stringify(apiResponse.body));\r\n    }\r\n}\r\ncatch(error) {\r\n    console.log(\"Error Creating Service: \" + JSON.stringify(error));\r\n    \r\n}\r\n\r\n\r\n\r\n// Create Functions\r\nconsole.log(\"CREATING TWILIO FUNCTIONS\");\r\nvar functionSids = {};\r\nvar functionNames =  input['Functions'].split(\",\");\r\n\r\n  for (var fun in functionNames) {\r\n\r\n\r\n  try {\r\n      \r\n        var apiRequest = http.request({\r\n          'endpoint': 'twilio',\r\n          'path': '/Services/' + constants['Twilio Service Name'] +'/Functions',\r\n          'method': 'POST',\r\n          'headers':{\"Content-Type\":\"application/x-www-form-urlencoded\"}\r\n          });\r\n          \r\n  \r\n        var apiResponse = apiRequest.write(\"FriendlyName=\"+ functionNames[fun]);\r\n        \r\n        if (apiResponse.statusCode == 201) {\r\n            var twilioFunction = JSON.parse(apiResponse.body);\r\n            output['Function Sid'] = twilioFunction.sid;\r\n            var functionName = functionNames[fun];\r\n            functionSids[functionName] = twilioFunction.sid;\r\n        }\r\n        else{\r\n             console.log(\"Problem Creating Function: \" + JSON.stringify(apiResponse.body));\r\n        }\r\n    }\r\n    catch(error) {\r\n        console.log(\"Error Creating Function: \" + JSON.stringify(error));\r\n        \r\n    }\r\n\r\n}\r\n\r\noutput['Functions Sid Object'] = functionSids;\r\n      \r\n \r\n",
    "endpointLabel": "twilio",
    "allowedEnvironment": "HOSTED",
    "accessibleByAll": "NotShared",
    "scriptStepType": "USER",
    "inputs": [
      {
        "id": "bd8038ae-744a-4bef-8a97-32dab449c636",
        "name": "Twilio Service Name",
        "helpText": "Set this to the constant for Twilio Service Name. This will become the name of the service created in Twilio",
        "defaultValue": "",
        "multiline": false,
        "required": true,
        "validationRegex": "",
        "maxLength": 2000,
        "minLength": 0,
        "position": 0
      },
      {
        "id": "90811f92-6a69-4744-b8db-7137504bfcf7",
        "name": "Functions",
        "helpText": "Set this to the constant Functions. This is used to create the Twilio Function resources automatically for you. Function versions (the actual script) will not be added. You will need to go into Twilio and add the appropriate script to each of the Function resources created by xMatters.",
        "defaultValue": "",
        "multiline": false,
        "required": false,
        "validationRegex": "",
        "maxLength": 2000,
        "minLength": 0,
        "position": 1
      }
    ],
    "outputs": [
      {
        "id": "1f906acb-38c7-4b19-a549-3ef7ae8db851",
        "name": "Service Sid",
        "description": "",
        "position": 0
      },
      {
        "id": "e7e179b7-5c48-47a7-93de-7d232401b575",
        "name": "Functions Sid Object",
        "description": "",
        "position": 1
      }
    ],
    "libraries": []
  },
  {
    "id": "f7e8e7d3-5c89-41ab-8981-9b49544715b8",
    "name": "Twilio Create Variables",
    "description": "Creates a Twilio Variable",
    "icon": "https://s3-xmatters-static.s3.amazonaws.com/null%2Fcustomers%2F8d580702-986e-4de3-873d-3a75b8073b42%2FIMAGE__20210217192445972__VrwpNfjh_400x400.png",
    "script": "// Create Service\r\nconsole.log(\"CREATING TWILIO ENVIRONMENT VARIABLES\");\r\n  try {\r\n\r\n    var apiRequest = http.request({\r\n      'endpoint': 'twilio',\r\n      'path': '/Services/' + constants['Twilio Service Name'] + '/Environments/' + input['Environment Sid'] + \"/Variables\",\r\n      'method': 'POST',\r\n      'headers':{\"Content-Type\":\"application/x-www-form-urlencoded\"}\r\n      });\r\n      \r\n\r\n    var vars = {      \r\n            \"Intro_Phrase\":input['Intro_Phrase'],\r\n            \"Alert_Phrase\":input['Alert_Phrase'],\r\n            \"Conference_Phrase\":input['Conference_Phrase'],\r\n            \"Incident_Phrase\":input['Incident_Phrase'],\r\n            \"Severity_Phrase\":input['Severity_Phrase'],\r\n            \"Livecall_Phrase\":input['Livecall_Phrase'],\r\n            \"Menu_Phrase\":input['Menu_Phrase'],\r\n            \"Restart_Phrase\":input['Restart_Phrase'],\r\n            \"Invalid_Phrase\":input['Invalid_Phrase'],\r\n            \"Record_Phrase\":input['Record_Phrase'],\r\n            \"Record_Fail_Phrase\":input['Record_Fail_Phrase'],\r\n            \"Record_Success_Phrase\":input['Record_Success_Phrase'],\r\n            \"xMatters_Phrase\":input['xMatters_Phrase'],\r\n            \"Emptyoncall_Phrase\":input['Emptyoncall_Phrase'],\r\n            \"Noanswer_Phrase\":input['Noanswer_Phrase'],\r\n            \"Openbridge_Phrase\":input['Openbridge_Phrase'],\r\n            \"Livecall_Fail_Phrase\":input['Livecall_Fail_Phrase'],\r\n            \"Xmatters_Fail_Phrase\":input['Xmatters_Fail_Phrase'],\r\n            \"Transcribe_Fail_Phrase\":input['Transcribe_Fail_Phrase'],\r\n            \"Shorten_Fail_Phrase\":input['Shorten_Fail_Phrase']\r\n            };\r\n\r\n    var query =\"\"; \r\n    for (var k in vars){\r\n\r\n       var payload =  {\r\n              \"key\": encodeURIComponent(k),\r\n              \"value\": encodeURIComponent(vars[k])\r\n            };\r\n  \r\n     var  query =\"Key=\"+ encodeURIComponent(k)+\"&Value=\"+encodeURIComponent(vars[k]);\r\n\r\n        var apiResponse = apiRequest.write(query);\r\n        if (apiResponse.statusCode == 201) {\r\n            var service = JSON.parse(apiResponse.body);\r\n            output['Service Sid'] = service.sid\r\n            \r\n        }\r\n        else{\r\n             console.log(\"Problem Creating Variable: \" + JSON.stringify(apiResponse.body));\r\n        }\r\n    \r\n    }\r\n}\r\ncatch(error) {\r\n    console.log(\"Error Creating Service: \" + JSON.stringify(error));\r\n    \r\n}\r\n\r\n\r\n\r\n \r\n",
    "endpointLabel": "twilio",
    "allowedEnvironment": "HOSTED",
    "accessibleByAll": "NotShared",
    "scriptStepType": "USER",
    "inputs": [
      {
        "id": "74ce26b1-0b7c-4be8-998b-1d478ca22c19",
        "name": "Environment Sid",
        "helpText": "The Twilio Environment Sid to add Variables to.",
        "defaultValue": "",
        "multiline": false,
        "required": true,
        "validationRegex": "",
        "maxLength": 2000,
        "minLength": 0,
        "position": 0
      },
      {
        "id": "106f4262-1a99-421d-984f-0a2100610735",
        "name": "Intro_Phrase",
        "helpText": "The initial introduction phrase played before instructions are played.",
        "defaultValue": "Hey there, What's the problem?",
        "multiline": true,
        "required": true,
        "validationRegex": "",
        "maxLength": 2000,
        "minLength": 0,
        "position": 1
      },
      {
        "id": "9ba1b3fc-093c-47e8-ba0a-c92b5a289442",
        "name": "Alert_Phrase",
        "helpText": "Plays when Option to create xMatters Alert is selected.",
        "defaultValue": "What group would you like to alert?",
        "multiline": true,
        "required": true,
        "validationRegex": "",
        "maxLength": 2000,
        "minLength": 0,
        "position": 2
      },
      {
        "id": "6c80c077-9aa8-41ba-af4f-fa0800c6f79e",
        "name": "Conference_Phrase",
        "helpText": "Plays when Option to Create xMatters Conference Bridge is selected.",
        "defaultValue": "What group would you like to invite to the conference?",
        "multiline": true,
        "required": true,
        "validationRegex": "",
        "maxLength": 2000,
        "minLength": 0,
        "position": 3
      },
      {
        "id": "81a0a38e-fa30-4531-bfab-2e4edf28ffbc",
        "name": "Incident_Phrase",
        "helpText": "Plays when Option to Create xMatters Incident is selected.",
        "defaultValue": "What group would you like to invite to the incident?",
        "multiline": true,
        "required": true,
        "validationRegex": "",
        "maxLength": 2000,
        "minLength": 0,
        "position": 4
      },
      {
        "id": "42655d21-c884-4f6d-a323-5c34a9244869",
        "name": "Severity_Phrase",
        "helpText": "Played to gather incident severity. You cannot change the expected digits for the integration by changing this phrase.",
        "defaultValue": "What severity is the incident, dial 1 to 5?",
        "multiline": true,
        "required": true,
        "validationRegex": "",
        "maxLength": 2000,
        "minLength": 0,
        "position": 5
      },
      {
        "id": "92b83baa-9dd4-412a-9ba4-848ec3cc15ca",
        "name": "Livecall_Phrase",
        "helpText": "Plays when Option to speak directly with on-call resource is selected.",
        "defaultValue": "What group would you like to speak directly with?",
        "multiline": true,
        "required": true,
        "validationRegex": "",
        "maxLength": 2000,
        "minLength": 0,
        "position": 6
      },
      {
        "id": "4928be47-d4b7-470c-8f3f-54a4b55c1bc1",
        "name": "Menu_Phrase",
        "helpText": "Instructions for returning to main menu if you want to start over. This is played at the end of initial menu instructions and start can be dialed at any time to return to the main menu. The only way to return to the main menu is by dialing star (*) changing this phrase will not change the way the integration works.",
        "defaultValue": "Press star at any time to return to this menu.",
        "multiline": true,
        "required": true,
        "validationRegex": "",
        "maxLength": 2000,
        "minLength": 0,
        "position": 7
      },
      {
        "id": "1f8e1d28-0e24-4d75-8e3d-13d168e75cfb",
        "name": "Restart_Phrase",
        "helpText": "Played when a user dials star to return to the main menue.",
        "defaultValue": "Let's try again",
        "multiline": true,
        "required": true,
        "validationRegex": "",
        "maxLength": 2000,
        "minLength": 0,
        "position": 8
      },
      {
        "id": "94d169ae-fb7a-4da8-bd39-9e95bdd4840c",
        "name": "Invalid_Phrase",
        "helpText": "Played when user enters an invalid digit.",
        "defaultValue": "Invalid Digit. Listen carefully.",
        "multiline": true,
        "required": true,
        "validationRegex": "",
        "maxLength": 2000,
        "minLength": 0,
        "position": 9
      },
      {
        "id": "82766c44-37c5-499b-9f94-e507b5fb7d6c",
        "name": "Record_Phrase",
        "helpText": "Played as instructions for recording a message. Changing the instructions here will not change the integrations. Dialing 1 will still save the recording and anything else will end it.",
        "defaultValue": "Record your message after the beep. Press 1 when you are happy with your recording, any other key to restart.",
        "multiline": true,
        "required": true,
        "validationRegex": "",
        "maxLength": 2000,
        "minLength": 0,
        "position": 10
      },
      {
        "id": "d63dcbe6-a5cb-40d3-92de-1ac47d9eb5bc",
        "name": "Record_Fail_Phrase",
        "helpText": "Played when dialing 2,3,4,5,6,7,8,9,0,# to restart a recording.",
        "defaultValue": "Without failure, there is no achievement. Lets try again.",
        "multiline": true,
        "required": true,
        "validationRegex": "",
        "maxLength": 2000,
        "minLength": 0,
        "position": 11
      },
      {
        "id": "de21ba7d-6aff-4e99-ad10-4f609e3806a2",
        "name": "Record_Success_Phrase",
        "helpText": "Played when a message is successfully recorded.",
        "defaultValue": "You are a natural! I've sent this over to x matters.",
        "multiline": true,
        "required": true,
        "validationRegex": "",
        "maxLength": 2000,
        "minLength": 0,
        "position": 12
      },
      {
        "id": "446647cd-491d-49e4-96eb-ff65a65a4f91",
        "name": "xMatters_Phrase",
        "helpText": "Played when an xMatters Alert or Incident has been created successfully and just before the phone connection is terminated.",
        "defaultValue": "Sit back and relax, x matters is taking care of business. Goodbye.",
        "multiline": true,
        "required": true,
        "validationRegex": "",
        "maxLength": 2000,
        "minLength": 0,
        "position": 13
      },
      {
        "id": "1c9a44dc-4902-46f4-9477-32c94b8b2782",
        "name": "Emptyoncall_Phrase",
        "helpText": "Played when there is no one on-call for the selected groups when using live call action..",
        "defaultValue": "There is no one with a voice device on call right now. You might want to try another group or a different type of alert.",
        "multiline": true,
        "required": true,
        "validationRegex": "",
        "maxLength": 2000,
        "minLength": 0,
        "position": 14
      },
      {
        "id": "d692851c-620b-45c2-b092-c369b6c10537",
        "name": "Noanswer_Phrase",
        "helpText": "Played when the primary on-call does not answer the phone.",
        "defaultValue": "It's all fun and games, then the Primary On call forgets to answer the phone... You might want to try another group or a different type of alert.",
        "multiline": true,
        "required": true,
        "validationRegex": "",
        "maxLength": 2000,
        "minLength": 0,
        "position": 15
      },
      {
        "id": "f3b9d798-6599-4fb1-81f9-070e87a7213b",
        "name": "Openbridge_Phrase",
        "helpText": "Played while an xMatters bridge is being opened before the user is connected.",
        "defaultValue": "xMatters is spinning up the conference bridge, I will connect you when it's ready.",
        "multiline": true,
        "required": true,
        "validationRegex": "",
        "maxLength": 2000,
        "minLength": 0,
        "position": 16
      },
      {
        "id": "a0c9c53a-bc33-4c78-9d87-bf6cac884497",
        "name": "Livecall_Fail_Phrase",
        "helpText": "Played when a livecall fails to connect or some other miscellaneous error happens.",
        "defaultValue": "Oops, Something went wrong. Please try again.",
        "multiline": true,
        "required": true,
        "validationRegex": "",
        "maxLength": 2000,
        "minLength": 0,
        "position": 17
      },
      {
        "id": "275951a8-6bf7-4ffc-bea0-4ab4742bce27",
        "name": "Xmatters_Fail_Phrase",
        "helpText": "Played when an event fails to send over to xMatters.",
        "defaultValue": "Oops, something went wrong. The event has not been sent. You will need to send this event directly from x matters.",
        "multiline": true,
        "required": true,
        "validationRegex": "",
        "maxLength": 2000,
        "minLength": 0,
        "position": 18
      },
      {
        "id": "572b8b76-d6cf-4ba1-82e6-305c348c06b8",
        "name": "Transcribe_Fail_Phrase",
        "helpText": "Played when a transcription fails. Usually when a recording is either less than 2 seconds or greater than 90 seconds in length.",
        "defaultValue": "I'm sorry, something went wrong transcribing your audio. We need to make the recording again.",
        "multiline": true,
        "required": true,
        "validationRegex": "",
        "maxLength": 2000,
        "minLength": 0,
        "position": 19
      },
      {
        "id": "3b82ab07-f89c-4b75-a4ff-6c0444517590",
        "name": "Shorten_Fail_Phrase",
        "helpText": "Played when shortening a recording url fails.",
        "defaultValue": "There was a problem shortening the recording u.r.l but do not worry, we will proceed with the long one instead.",
        "multiline": true,
        "required": true,
        "validationRegex": "",
        "maxLength": 2000,
        "minLength": 0,
        "position": 20
      }
    ],
    "outputs": [],
    "libraries": []
  },
  {
    "id": "7f092244-872d-4a13-9306-dfe6950f1825",
    "name": "Twilio Get Environment Resource",
    "description": "Gets a Twilio Environment Resource by name or by default",
    "icon": "https://s3-xmatters-static.s3.amazonaws.com/null%2Fcustomers%2F8d580702-986e-4de3-873d-3a75b8073b42%2FIMAGE__20210217192445972__VrwpNfjh_400x400.png",
    "script": "// Fetch Twilio Environment\r\nconsole.log(\"FETCHING TWILIO ENVIRONMENT\");\r\ntry {\r\n  if (input['Environment Sid'] === undefined){\r\n      \r\n      var envSid = \"\";\r\n  }\r\n  else{\r\n          var envSid = input['Environment Sid'];\r\n  }\r\n  \r\n    var apiRequest = http.request({\r\n      'endpoint': 'twilio',\r\n      'path': '/Services/' + constants['Twilio Service Name'] +'/Environments/' + envSid,\r\n      'method': 'GET'\r\n      });\r\n     \r\n\r\n    var apiResponse = apiRequest.write();\r\n    \r\n    if (apiResponse.statusCode == 200) {\r\n        \r\n        var twilioEnvironment = JSON.parse(apiResponse.body);\r\n        console.log(\"twilioEnvironment \" + JSON.stringify(twilioEnvironment));\r\n                \r\n        if (envSid !== \"\"){\r\n            output['Environment Sid'] = twilioEnvironment.sid; \r\n            output['Unique Name']= twilioEnvironment.unique_name; \r\n            output['Domain Name'] = twilioEnvironment.domain_name; \r\n        }\r\n        else {\r\n            output['Environment Sid'] = twilioEnvironment.environments[0].sid; \r\n            output['Unique Name']= twilioEnvironment.environments[0].unique_name; \r\n            output['Domain Name'] = twilioEnvironment.environments[0].domain_name; \r\n        }\r\n        \r\n    }\r\n    else{\r\n        \r\n         console.log(\"Problem Fetching Environment: \" + JSON.stringify(apiResponse.body));\r\n    }\r\n}\r\ncatch(error) {\r\n    console.log(\"Error Fetching Environment: \" + JSON.stringify(error));\r\n    \r\n}\r\n\r\n\r\n",
    "endpointLabel": "twilio",
    "allowedEnvironment": "HOSTED",
    "accessibleByAll": "NotShared",
    "scriptStepType": "USER",
    "inputs": [
      {
        "id": "4d3c6d98-4170-4bdc-860c-f3b3820e6b5a",
        "name": "Environment Sid",
        "helpText": "Environment Sid to fetch from Twilio. Leave this field blank to fetch the first environment found.",
        "defaultValue": "",
        "multiline": false,
        "required": false,
        "validationRegex": "",
        "maxLength": 2000,
        "minLength": 0,
        "position": 0
      }
    ],
    "outputs": [
      {
        "id": "f97ead98-a344-4294-821f-c29757fb116e",
        "name": "Environment Sid",
        "description": "",
        "position": 0
      },
      {
        "id": "67111965-c3a2-48a5-81a6-6083b5dd3114",
        "name": "Unique Name",
        "description": "",
        "position": 1
      },
      {
        "id": "f0caf8b1-999c-4985-b57c-9f3bea72a31e",
        "name": "Domain Name",
        "description": "",
        "position": 2
      }
    ],
    "libraries": []
  }
]