[
  {
    "id": "20f689fd-fee3-4712-a859-7495a5b3f551",
    "name": "Initiate by Phone",
    "description": "",
    "icon": "https://s3-xmatters-static.s3.amazonaws.com/null%2Fcustomers%2F8d580702-986e-4de3-873d-3a75b8073b42%2FIMAGE__20210217171512568__phone-icon.png",
    "script": "var payload = JSON.parse(request.body);  //Use this if the payload is a JSON object in the request body\n//var payload = JXON.parse(request.body);  //Use this if the payload is XML in the request body\n//var payload = request.parameters;        //Use this if the payload is in a query parameter\n\n console.log(\"Body \" + JSON.stringify(payload));\n console.log( payload.transcriptionText);\n\nif (payload.recipient){\n    output['Recipients'] = payload.recipient;\n} \n\n\n/** Customize form properties **/\noutput['Audio URL'] = payload.shorturl;\noutput['Description'] = payload.transcriptionText;\n\nvar transcription = payload.transcriptionText;\n\nif (payload.transcriptionText !== undefined) {  \n    if(transcription.length > 275) {\n        output['Short Description'] = transcription.substring(0,274)+\"...\";\n    }\n    else {\n        output['Short Description'] = payload.transcriptionText;\n    }\n}\nelse {\n        output['Description'] = \"Listen to the recording, there was a transcription error.\";\n        output['Short Description'] = \"Listen to the recording, there was a transcription error.\";\n}\n\noutput['Severity'] =  payload.severity;\n\n\noutput['Type'] = payload.what;\n",
    "endpointLabel": "",
    "allowedEnvironment": "HOSTED",
    "accessibleByAll": "NotShared",
    "triggerAuthType": "URL_AUTH",
    "stage": "DEVELOPMENT",
    "scriptStepType": "CUSTOM_HTTP",
    "inputs": [],
    "outputs": [
      {
        "id": "12daa556-f807-49a4-b1bc-20d036a5bdec",
        "name": "Recipients",
        "description": "",
        "position": 0
      },
      {
        "id": "30b04b6f-85b1-46f0-b9d0-ac74fb1b2dd0",
        "name": "Audio URL",
        "description": "",
        "position": 1
      },
      {
        "id": "e10a5d24-38d8-4624-8d9c-15675ee50aeb",
        "name": "Description",
        "description": "",
        "position": 2
      },
      {
        "id": "b07c8621-b017-4b68-bbe1-b166ea3218b7",
        "name": "Short Description",
        "description": "",
        "position": 3
      },
      {
        "id": "7d2202a5-8b68-4e75-ae43-f3fede90a8df",
        "name": "Type",
        "description": "",
        "position": 4
      },
      {
        "id": "888e7646-bc24-4a6f-8ea2-5d1a111a4da2",
        "name": "Severity",
        "description": "",
        "position": 5
      }
    ],
    "libraries": []
  },
  {
    "id": "f78b4c9e-8cb7-4c00-a935-e48f8ba29fd1",
    "name": "Initiate Twilio Function Installation",
    "description": "Posts a request to xMatters by phone installation server to create Twilio Function Versions using multipart api post request that is not possible in xMatters Flow designer.",
    "icon": "https://s3-xmatters-static.s3.amazonaws.com/null/customers/8d580702-986e-4de3-873d-3a75b8073b42/IMAGE__20210831195727252__node_js_javascript_react_mean_angularjs_png_favpng_9jx9sihXGEqtr5xCmpXZtGFjQ.jpg",
    "script": "var apiRequest = http.request({\n    'endpoint': 'installServer',\n    'path': \"/installfunctions\",\n    'method': 'POST',\n    'headers': {\n        'Content-Type': 'application/json'\n    }\n});\n\nvar payload = {\n    \"twilioUser\": input['Twilio Account SID'],\n    \"twilioPassword\": input['Twilio Auth Token'],\n    \"twilioService\":input['Twilio Service Name'],\n    \"twilioServiceSid\":input['Twilio Service Sid'],\n    \"twilioFunctionSids\": input['Twilio Functions Sid Object'],\n    \"twilioAssetSids\":input['Twilio Assets Sid Object'],\n    \"twilioEnvironmentSid\":input['Twilio Environment Sid'],\n    \"twilioFunctionstoDeploy\": input['Functions to Deploy'],\n    \"twilioAssetstoDeploy\": input['Assets to Deploy']\n};\n\n\nvar apiResponse = apiRequest.write(payload);\n\noutput['Response Code'] = apiResponse.statusCode;\n\n",
    "endpointAuthType": "NO_AUTH",
    "endpointLabel": "installServer",
    "allowedEnvironment": "HOSTED",
    "accessibleByAll": "NotShared",
    "stage": "DEVELOPMENT",
    "scriptStepType": "USER",
    "inputs": [
      {
        "id": "176059f3-f132-493e-85af-34f1be706427",
        "name": "Twilio Account SID",
        "helpText": "",
        "defaultValue": "",
        "multiline": false,
        "required": true,
        "maxLength": 2000,
        "minLength": 0,
        "position": 0
      },
      {
        "id": "08b69071-91c3-4df2-94ca-72350bbfbefc",
        "name": "Twilio Auth Token",
        "helpText": "",
        "defaultValue": "",
        "multiline": false,
        "required": true,
        "maxLength": 2000,
        "minLength": 0,
        "position": 1
      },
      {
        "id": "a73a66b9-0491-43b9-a605-cc3dbe3c8717",
        "name": "Twilio Service Name",
        "helpText": "",
        "defaultValue": "",
        "multiline": false,
        "required": true,
        "maxLength": 2000,
        "minLength": 0,
        "position": 2
      },
      {
        "id": "6bcc9ff0-b17c-4498-981f-7e127f072533",
        "name": "Twilio Service Sid",
        "helpText": "",
        "defaultValue": "",
        "multiline": false,
        "required": true,
        "maxLength": 2000,
        "minLength": 0,
        "position": 3
      },
      {
        "id": "81dbd8d4-a5f4-467c-aaef-a925ef764dcf",
        "name": "Twilio Functions Sid Object",
        "helpText": "",
        "defaultValue": "",
        "multiline": true,
        "required": true,
        "maxLength": 20000,
        "minLength": 0,
        "position": 4
      },
      {
        "id": "39c4d4a7-56d4-41b5-a7cf-21cf4c3f71b7",
        "name": "Twilio Assets Sid Object",
        "helpText": "",
        "defaultValue": "",
        "multiline": false,
        "required": true,
        "maxLength": 2000,
        "minLength": 0,
        "position": 5
      },
      {
        "id": "c7951373-fa04-4fc8-baa5-a10a65c8878b",
        "name": "Twilio Environment Sid",
        "helpText": "",
        "defaultValue": "",
        "multiline": false,
        "required": true,
        "maxLength": 2000,
        "minLength": 0,
        "position": 6
      },
      {
        "id": "8967c898-d6d1-4bbd-b822-04176b5a026b",
        "name": "Functions to Deploy",
        "helpText": "",
        "defaultValue": "",
        "multiline": true,
        "required": true,
        "maxLength": 20000,
        "minLength": 0,
        "position": 7
      },
      {
        "id": "301e2d63-0a5e-4c77-b90e-863976c5ea75",
        "name": "Assets to Deploy",
        "helpText": "",
        "defaultValue": "",
        "multiline": true,
        "required": true,
        "maxLength": 20000,
        "minLength": 0,
        "position": 8
      }
    ],
    "outputs": [
      {
        "id": "25e552eb-da14-4f1b-b212-117a0397c174",
        "name": "result",
        "position": 0
      }
    ],
    "libraries": []
  },
  {
    "id": "5d0b3018-72e1-4356-943c-ce3b20df1544",
    "name": "Twilio Create Environment Resource",
    "description": "Creates a Twilio Environment Resource",
    "icon": "https://s3-xmatters-static.s3.amazonaws.com/null%2Fcustomers%2F8d580702-986e-4de3-873d-3a75b8073b42%2FIMAGE__20210217192445972__VrwpNfjh_400x400.png",
    "script": "// Fetch Twilio Environment\r\nconsole.log(\"CREATING TWILIO ENVIRONMENT\");\r\ntry {\r\n\r\n    var apiRequest = http.request({\r\n      'endpoint': 'twilio',\r\n      'path': '/Services/' + input['Twilio Service Sid'] +'/Environments',\r\n      'method': 'Post',\r\n           'headers':{\"Content-Type\":\"application/x-www-form-urlencoded\"}\r\n      });\r\n   var payload =  {\r\n          \"UniqueName\": input['Environment Unique Name']\r\n        };\r\n\r\n    var query =\"\";\r\n    for (var key in payload) {\r\n        query += encodeURIComponent(key)+\"=\"+encodeURIComponent(payload[key])+\"&\";\r\n    }\r\n     \r\n    var apiResponse = apiRequest.write(query);\r\n     \r\n    \r\n    if (apiResponse.statusCode == 201) {\r\n        \r\n        var twilioEnvironment = JSON.parse(apiResponse.body);\r\n        console.log(\"twilioEnvironment \" + JSON.stringify(twilioEnvironment));\r\n    \r\n        output['Environment Sid'] = twilioEnvironment.sid; \r\n        output['Environment Unique Name']= twilioEnvironment.unique_name; \r\n        output['Environment Domain Name'] = twilioEnvironment.domain_name; \r\n        \r\n        \r\n    }\r\n    else{\r\n        \r\n         console.log(\"Problem Creating Environment: \" + JSON.stringify(apiResponse.body));\r\n    }\r\n}\r\ncatch(error) {\r\n    console.log(\"Error Creating Environment: \" + JSON.stringify(error));\r\n    \r\n}\r\n\r\n\r\n",
    "endpointLabel": "twilio",
    "allowedEnvironment": "HOSTED",
    "accessibleByAll": "NotShared",
    "stage": "DEVELOPMENT",
    "scriptStepType": "USER",
    "inputs": [
      {
        "id": "48ccc852-141f-45d5-8b02-5b5418727606",
        "name": "Twilio Service Sid",
        "helpText": "",
        "defaultValue": "",
        "multiline": false,
        "required": true,
        "maxLength": 2000,
        "minLength": 0,
        "position": 0
      },
      {
        "id": "2585d1d3-7f0b-4d2c-ae1f-47e82590986f",
        "name": "Environment Unique Name",
        "helpText": "A user-defined string that uniquely identifies the Environment resource.",
        "defaultValue": "production",
        "multiline": false,
        "required": true,
        "maxLength": 2000,
        "minLength": 0,
        "position": 1
      }
    ],
    "outputs": [
      {
        "id": "6346a171-9889-4204-870c-4ce79f8fa33c",
        "name": "Environment Sid",
        "description": "",
        "position": 0
      },
      {
        "id": "bdcd6416-1d54-4ab6-82eb-f33b7c630467",
        "name": "Unique Name",
        "description": "",
        "position": 1
      },
      {
        "id": "19cf4a07-9b72-4693-82c4-eb87fd711e09",
        "name": "Domain Name",
        "description": "",
        "position": 2
      }
    ],
    "libraries": []
  },
  {
    "id": "1eda0f29-5f27-4d27-b804-dad12b18e5c0",
    "name": "Twilio Create Service",
    "description": "Creates a Twilio Service and all required function resources",
    "icon": "https://s3-xmatters-static.s3.amazonaws.com/null%2Fcustomers%2F8d580702-986e-4de3-873d-3a75b8073b42%2FIMAGE__20210217192445972__VrwpNfjh_400x400.png",
    "script": "// Create Service\r\nconsole.log(\"CREATING TWILIO SERVICE\");\r\n  try {\r\n      \r\n    var apiRequest = http.request({\r\n      'endpoint': 'twilio',\r\n      'path': '/Services',\r\n      'method': 'POST',\r\n      'headers':{\"Content-Type\":\"application/x-www-form-urlencoded\"}\r\n      });\r\n      \r\n            \r\n    var payload =  {\r\n          \"FriendlyName\": input['Twilio Service Name'],\r\n          \"UniqueName\":input['Twilio Service Name'],\r\n          \"IncludeCredentials\": true,\r\n          \"UiEditable\": true\r\n        };\r\n\r\n    var query =\"\";\r\n    for (var key in payload) {\r\n        query += encodeURIComponent(key)+\"=\"+encodeURIComponent(payload[key])+\"&\";\r\n    }\r\n     \r\n    var apiResponse = apiRequest.write(query);\r\n        output['statusCode'] = apiResponse.statusCode;\r\n    if (apiResponse.statusCode == 201) {\r\n        var service = JSON.parse(apiResponse.body);\r\n        output['Service Sid'] = service.sid\r\n        \r\n    }\r\n    else{\r\n        console.log(\"Problem Creating Service: \" + JSON.stringify(apiResponse.body));\r\n    }\r\n}\r\ncatch(error) {\r\n    console.log(\"Error Creating Service: \" + JSON.stringify(error));\r\n    \r\n}\r\n\r\n\r\n\r\n// Create Functions\r\nconsole.log(\"CREATING TWILIO FUNCTIONS\");\r\nvar functionSids = {};\r\nvar functionNames =  input['Functions to Deploy'].replace(\" \",\"\").split(\",\");\r\n\r\n  for (var fun in functionNames) {\r\n\r\n\r\n  try {\r\n      \r\n        var apiRequest = http.request({\r\n          'endpoint': 'twilio',\r\n          'path': '/Services/' + input['Twilio Service Name'] +'/Functions',\r\n          'method': 'POST',\r\n          'headers':{\"Content-Type\":\"application/x-www-form-urlencoded\"}\r\n          });\r\n          \r\n  \r\n        var apiResponse = apiRequest.write(\"FriendlyName=\"+ functionNames[fun].replace(\" \",\"\"));\r\n        \r\n        if (apiResponse.statusCode == 201) {\r\n            var twilioFunction = JSON.parse(apiResponse.body);\r\n          \r\n            var functionName = functionNames[fun];\r\n            functionSids[functionName] = twilioFunction.sid;\r\n        }\r\n        else{\r\n             console.log(\"Problem Creating Function: \" + JSON.stringify(apiResponse.body));\r\n        }\r\n    }\r\n    catch(error) {\r\n        console.log(\"Error Creating Function: \" + JSON.stringify(error));\r\n        \r\n    }\r\n\r\n}\r\n\r\n\r\n\r\n\r\n\r\n\r\n// Create Functions\r\nconsole.log(\"CREATING TWILIO ASSETS\");\r\n\r\nvar assetSids = {};\r\nvar assetNames =  input['Assets to Deploy'].replace(\" \",\"\").split(\",\");\r\n\r\n  for (var ass in assetNames) {\r\n\r\n  try {\r\n      \r\n        var apiRequest = http.request({\r\n          'endpoint': 'twilio',\r\n          'path': '/Services/' + input['Twilio Service Name'] +'/Assets',\r\n          'method': 'POST',\r\n          'headers':{\"Content-Type\":\"application/x-www-form-urlencoded\"}\r\n          });\r\n          \r\n  \r\n        var apiResponse = apiRequest.write(\"FriendlyName=\" + assetNames[ass].replace(\" \",\"\"));\r\n        \r\n        if (apiResponse.statusCode == 201) {\r\n            \r\n            var twilioAsset = JSON.parse(apiResponse.body);\r\n\r\n            var assetName = assetNames[ass];\r\n            assetSids[assetName] = twilioAsset.sid;\r\n            \r\n        }\r\n        else{\r\n             console.log(\"Problem Creating Assets: \" + JSON.stringify(apiResponse.body));\r\n        }\r\n    }\r\n    catch(error) {\r\n        console.log(\"Error Creating Assets: \" + JSON.stringify(error));\r\n        \r\n    }\r\n\r\n}\r\n\r\n\r\n\r\n\r\noutput['Functions Sid Object'] = functionSids;\r\noutput['Assets Sid Object'] = assetSids;\r\n      \r\n \r\n",
    "endpointLabel": "twilio",
    "allowedEnvironment": "HOSTED",
    "accessibleByAll": "NotShared",
    "stage": "DEVELOPMENT",
    "scriptStepType": "USER",
    "inputs": [
      {
        "id": "3d17c3eb-04e1-4870-b646-aea518297a38",
        "name": "Twilio Service Name",
        "helpText": "Set this to the constant for Twilio Service Name. This will become the name of the service created in Twilio",
        "defaultValue": "",
        "multiline": false,
        "required": true,
        "validationRegex": "",
        "maxLength": 2000,
        "minLength": 0,
        "position": 0
      },
      {
        "id": "f2d6fb3d-00dc-4de2-a3e1-8294e1fb855a",
        "name": "Functions to Deploy",
        "helpText": "Set this to the constant Functions. This is used to create the Twilio Function resources automatically for you. Function versions (the actual script) will not be added. You will need to go into Twilio and add the appropriate script to each of the Function resources created by xMatters.",
        "defaultValue": "",
        "multiline": false,
        "required": true,
        "validationRegex": "",
        "maxLength": 20000,
        "minLength": 0,
        "position": 1
      },
      {
        "id": "53db4f34-51e3-40dc-83e6-b962e97be319",
        "name": "Assets to Deploy",
        "helpText": "",
        "defaultValue": "",
        "multiline": false,
        "required": true,
        "maxLength": 20000,
        "minLength": 0,
        "position": 2
      }
    ],
    "outputs": [
      {
        "id": "27c39f53-d33a-488d-b12c-6e3b410aa424",
        "name": "Service Sid",
        "description": "",
        "position": 0
      },
      {
        "id": "16b1e0a0-580c-4673-b6fc-867602dd9dc5",
        "name": "Functions Sid Object",
        "description": "",
        "position": 1
      },
      {
        "id": "b5f408ba-884b-4273-8b55-e0099575c82f",
        "name": "Assets Sid Object",
        "position": 2
      },
      {
        "id": "0ca80a57-0c4f-4649-8acc-d71c4b6a3d21",
        "name": "statusCode",
        "position": 3
      }
    ],
    "libraries": []
  },
  {
    "id": "1e3485b3-bcc5-45db-a815-767f135a9803",
    "name": "Twilio Create Variables",
    "description": "Creates a Twilio Variable",
    "icon": "https://s3-xmatters-static.s3.amazonaws.com/null%2Fcustomers%2F8d580702-986e-4de3-873d-3a75b8073b42%2FIMAGE__20210217192445972__VrwpNfjh_400x400.png",
    "script": "// Create Service\r\nconsole.log(\"CREATING TWILIO ENVIRONMENT VARIABLES\");\r\n  try {\r\n\r\n    var apiRequest = http.request({\r\n      'endpoint': 'twilio',\r\n      'path': '/Services/' + input['Twilio Service Name'] + '/Environments/' + input['Environment Sid'] + \"/Variables\",\r\n      'method': 'POST',\r\n      'headers':{\"Content-Type\":\"application/x-www-form-urlencoded\"}\r\n      });\r\n      \r\n\r\n    var vars = {      \r\n            \"Intro_Phrase\":input['Intro_Phrase'],\r\n            \"Alert_Phrase\":input['Alert_Phrase'],\r\n            \"Conference_Phrase\":input['Conference_Phrase'],\r\n            \"Incident_Phrase\":input['Incident_Phrase'],\r\n            \"Severity_Phrase\":input['Severity_Phrase'],\r\n            \"Livecall_Phrase\":input['Livecall_Phrase'],\r\n            \"Menu_Phrase\":input['Menu_Phrase'],\r\n            \"Restart_Phrase\":input['Restart_Phrase'],\r\n            \"Invalid_Phrase\":input['Invalid_Phrase'],\r\n            \"Record_Phrase\":input['Record_Phrase'],\r\n            \"Record_Fail_Phrase\":input['Record_Fail_Phrase'],\r\n            \"Record_Success_Phrase\":input['Record_Success_Phrase'],\r\n            \"xMatters_Phrase\":input['xMatters_Phrase'],\r\n            \"Emptyoncall_Phrase\":input['Emptyoncall_Phrase'],\r\n            \"Noanswer_Phrase\":input['Noanswer_Phrase'],\r\n            \"Openbridge_Phrase\":input['Openbridge_Phrase'],\r\n            \"Livecall_Fail_Phrase\":input['Livecall_Fail_Phrase'],\r\n            \"Xmatters_Fail_Phrase\":input['Xmatters_Fail_Phrase'],\r\n            \"Transcribe_Fail_Phrase\":input['Transcribe_Fail_Phrase'],\r\n            \"Shorten_Fail_Phrase\":input['Shorten_Fail_Phrase']\r\n            };\r\n\r\n    var query =\"\"; \r\n    for (var k in vars){\r\n\r\n       var payload =  {\r\n              \"key\": encodeURIComponent(k),\r\n              \"value\": encodeURIComponent(vars[k])\r\n            };\r\n  \r\n     var  query =\"Key=\"+ encodeURIComponent(k)+\"&Value=\"+encodeURIComponent(vars[k]);\r\n\r\n        var apiResponse = apiRequest.write(query);\r\n        if (apiResponse.statusCode == 201) {\r\n            var service = JSON.parse(apiResponse.body);\r\n            output['Service Sid'] = service.sid\r\n            \r\n        }\r\n        else{\r\n             console.log(\"Problem Creating Variable: \" + JSON.stringify(apiResponse.body));\r\n        }\r\n    \r\n    }\r\n}\r\ncatch(error) {\r\n    console.log(\"Error Creating Service: \" + JSON.stringify(error));\r\n    \r\n}\r\n\r\n\r\n\r\n \r\n",
    "endpointLabel": "twilio",
    "allowedEnvironment": "HOSTED",
    "accessibleByAll": "NotShared",
    "stage": "DEVELOPMENT",
    "scriptStepType": "USER",
    "inputs": [
      {
        "id": "2f57b43f-1225-4fae-8e1d-d228d9212a37",
        "name": "Twilio Service Name",
        "helpText": "",
        "defaultValue": "",
        "multiline": false,
        "required": true,
        "maxLength": 2000,
        "minLength": 0,
        "position": 0
      },
      {
        "id": "c344df99-63e1-4916-a37b-78240b15dce3",
        "name": "Environment Sid",
        "helpText": "The Twilio Environment Sid to add Variables to.",
        "defaultValue": "",
        "multiline": false,
        "required": true,
        "validationRegex": "",
        "maxLength": 2000,
        "minLength": 0,
        "position": 1
      },
      {
        "id": "7b18a5ee-7166-4f1d-aa18-0579b8827d61",
        "name": "Intro_Phrase",
        "helpText": "The initial introduction phrase played before instructions are played.",
        "defaultValue": "Hey there, What's the problem?",
        "multiline": true,
        "required": true,
        "validationRegex": "",
        "maxLength": 2000,
        "minLength": 0,
        "position": 2
      },
      {
        "id": "f74e9e86-d649-4bee-8452-02db85a78182",
        "name": "Alert_Phrase",
        "helpText": "Plays when Option to create xMatters Alert is selected.",
        "defaultValue": "What group would you like to alert?",
        "multiline": true,
        "required": true,
        "validationRegex": "",
        "maxLength": 2000,
        "minLength": 0,
        "position": 3
      },
      {
        "id": "66fb64d8-a11c-4b48-8c70-1231121fad05",
        "name": "Conference_Phrase",
        "helpText": "Plays when Option to Create xMatters Conference Bridge is selected.",
        "defaultValue": "What group would you like to invite to the conference?",
        "multiline": true,
        "required": true,
        "validationRegex": "",
        "maxLength": 2000,
        "minLength": 0,
        "position": 4
      },
      {
        "id": "b50cfdea-2dd0-4dd0-aa14-d1bc7ffb39e5",
        "name": "Incident_Phrase",
        "helpText": "Plays when Option to Create xMatters Incident is selected.",
        "defaultValue": "What group would you like to invite to the incident?",
        "multiline": true,
        "required": true,
        "validationRegex": "",
        "maxLength": 2000,
        "minLength": 0,
        "position": 5
      },
      {
        "id": "668bba19-56b5-4180-83ca-f89cd93235be",
        "name": "Severity_Phrase",
        "helpText": "Played to gather incident severity. You cannot change the expected digits for the integration by changing this phrase.",
        "defaultValue": "What severity is the incident, dial 1 to 5?",
        "multiline": true,
        "required": true,
        "validationRegex": "",
        "maxLength": 2000,
        "minLength": 0,
        "position": 6
      },
      {
        "id": "bb6ba018-4262-40c1-ab8e-e7f7d38c5691",
        "name": "Livecall_Phrase",
        "helpText": "Plays when Option to speak directly with on-call resource is selected.",
        "defaultValue": "What group would you like to speak directly with?",
        "multiline": true,
        "required": true,
        "validationRegex": "",
        "maxLength": 2000,
        "minLength": 0,
        "position": 7
      },
      {
        "id": "5f2d3120-f6b1-4839-b9cd-6e1c6f0141e0",
        "name": "Menu_Phrase",
        "helpText": "Instructions for returning to main menu if you want to start over. This is played at the end of initial menu instructions and start can be dialed at any time to return to the main menu. The only way to return to the main menu is by dialing star (*) changing this phrase will not change the way the integration works.",
        "defaultValue": "Press star at any time to return to this menu.",
        "multiline": true,
        "required": true,
        "validationRegex": "",
        "maxLength": 2000,
        "minLength": 0,
        "position": 8
      },
      {
        "id": "4d3b6cbc-3e6a-48bb-b5aa-dd9d15ded757",
        "name": "Restart_Phrase",
        "helpText": "Played when a user dials star to return to the main menue.",
        "defaultValue": "Let's try again",
        "multiline": true,
        "required": true,
        "validationRegex": "",
        "maxLength": 2000,
        "minLength": 0,
        "position": 9
      },
      {
        "id": "f7a84c37-de75-482a-9ae6-901aa6f2ab4d",
        "name": "Invalid_Phrase",
        "helpText": "Played when user enters an invalid digit.",
        "defaultValue": "Invalid Digit. Listen carefully.",
        "multiline": true,
        "required": true,
        "validationRegex": "",
        "maxLength": 2000,
        "minLength": 0,
        "position": 10
      },
      {
        "id": "b84bd4fb-7122-4616-aeab-f82a021bcee1",
        "name": "Record_Phrase",
        "helpText": "Played as instructions for recording a message. Changing the instructions here will not change the integrations. Dialing 1 will still save the recording and anything else will end it.",
        "defaultValue": "Record your message after the beep. Press 1 when you are happy with your recording, any other key to restart.",
        "multiline": true,
        "required": true,
        "validationRegex": "",
        "maxLength": 2000,
        "minLength": 0,
        "position": 11
      },
      {
        "id": "96a73299-cd78-4201-ac44-2815241383b1",
        "name": "Record_Fail_Phrase",
        "helpText": "Played when dialing 2,3,4,5,6,7,8,9,0,# to restart a recording.",
        "defaultValue": "Without failure, there is no achievement. Lets try again.",
        "multiline": true,
        "required": true,
        "validationRegex": "",
        "maxLength": 2000,
        "minLength": 0,
        "position": 12
      },
      {
        "id": "092582d6-fd71-4a2d-bada-8ac703e6777d",
        "name": "Record_Success_Phrase",
        "helpText": "Played when a message is successfully recorded.",
        "defaultValue": "You are a natural! I've sent this over to x matters.",
        "multiline": true,
        "required": true,
        "validationRegex": "",
        "maxLength": 2000,
        "minLength": 0,
        "position": 13
      },
      {
        "id": "f9575590-85a7-47e8-b9e5-807f843f3df1",
        "name": "xMatters_Phrase",
        "helpText": "Played when an xMatters Alert or Incident has been created successfully and just before the phone connection is terminated.",
        "defaultValue": "Sit back and relax, x matters is taking care of business. Goodbye.",
        "multiline": true,
        "required": true,
        "validationRegex": "",
        "maxLength": 2000,
        "minLength": 0,
        "position": 14
      },
      {
        "id": "b1f51f7f-d98f-4cb8-a3fb-28b728241def",
        "name": "Emptyoncall_Phrase",
        "helpText": "Played when there is no one on-call for the selected groups when using live call action..",
        "defaultValue": "There is no one with a voice device on call right now. You might want to try another group or a different type of alert.",
        "multiline": true,
        "required": true,
        "validationRegex": "",
        "maxLength": 2000,
        "minLength": 0,
        "position": 15
      },
      {
        "id": "5d9c04bb-f17a-43fe-a367-aa228a5c8fe4",
        "name": "Noanswer_Phrase",
        "helpText": "Played when the primary on-call does not answer the phone.",
        "defaultValue": "It's all fun and games, then the Primary On call forgets to answer the phone... You might want to try another group or a different type of alert.",
        "multiline": true,
        "required": true,
        "validationRegex": "",
        "maxLength": 2000,
        "minLength": 0,
        "position": 16
      },
      {
        "id": "557fac2b-c10d-4013-8997-c7580c23bd5e",
        "name": "Openbridge_Phrase",
        "helpText": "Played while an xMatters bridge is being opened before the user is connected.",
        "defaultValue": "xMatters is spinning up the conference bridge, I will connect you when it's ready.",
        "multiline": true,
        "required": true,
        "validationRegex": "",
        "maxLength": 2000,
        "minLength": 0,
        "position": 17
      },
      {
        "id": "b3fdaa21-043e-42a0-bd15-81c7cff2d716",
        "name": "Livecall_Fail_Phrase",
        "helpText": "Played when a livecall fails to connect or some other miscellaneous error happens.",
        "defaultValue": "Oops, Something went wrong. Please try again.",
        "multiline": true,
        "required": true,
        "validationRegex": "",
        "maxLength": 2000,
        "minLength": 0,
        "position": 18
      },
      {
        "id": "5be6814d-ed62-42ab-98b3-bb84c2bbe483",
        "name": "Xmatters_Fail_Phrase",
        "helpText": "Played when an event fails to send over to xMatters.",
        "defaultValue": "Oops, something went wrong. The event has not been sent. You will need to send this event directly from x matters.",
        "multiline": true,
        "required": true,
        "validationRegex": "",
        "maxLength": 2000,
        "minLength": 0,
        "position": 19
      },
      {
        "id": "860274bd-85b7-4410-b03c-145c10fb5d94",
        "name": "Transcribe_Fail_Phrase",
        "helpText": "Played when a transcription fails. Usually when a recording is either less than 2 seconds or greater than 90 seconds in length.",
        "defaultValue": "I'm sorry, something went wrong transcribing your audio. We need to make the recording again.",
        "multiline": true,
        "required": true,
        "validationRegex": "",
        "maxLength": 2000,
        "minLength": 0,
        "position": 20
      },
      {
        "id": "083048c6-018f-4f7c-a843-5bde03126a96",
        "name": "Shorten_Fail_Phrase",
        "helpText": "Played when shortening a recording url fails.",
        "defaultValue": "There was a problem shortening the recording u.r.l but do not worry, we will proceed with the long one instead.",
        "multiline": true,
        "required": true,
        "validationRegex": "",
        "maxLength": 2000,
        "minLength": 0,
        "position": 21
      }
    ],
    "outputs": [],
    "libraries": []
  },
  {
    "id": "291ec297-7464-4337-99ad-48b60c1ff4d1",
    "name": "xMatters by Phone No Answer",
    "description": "",
    "icon": "https://s3-xmatters-static.s3.amazonaws.com/null/customers/8d580702-986e-4de3-873d-3a75b8073b42/IMAGE__20210217171512568__phone-icon.png",
    "script": "var payload = JSON.parse(request.body); \noutput['whoCalled'] = payload.whoCalled;\noutput['targetGroup'] = payload.targetGroup;",
    "allowedEnvironment": "HOSTED",
    "accessibleByAll": "NotShared",
    "triggerAuthType": "URL_AUTH",
    "stage": "DEVELOPMENT",
    "scriptStepType": "CUSTOM_HTTP",
    "inputs": [],
    "outputs": [
      {
        "id": "bfa82c6b-93dd-4d12-bbaf-e702f49b0a89",
        "name": "whoCalled",
        "position": 0
      },
      {
        "id": "e7b2cd0c-ee4c-4502-9b42-b46f5df452db",
        "name": "targetGroup",
        "position": 1
      }
    ],
    "libraries": []
  }
]