[
  {
    "id": "965d4ffd-f1e4-486d-9381-9ea9c1d5d8f7",
    "isActive": true,
    "flowId": "e6deb630-5172-48f3-876a-f7a7082eaacd",
    "workflowId": "e5c20862-8745-4838-b509-ec72f658af09",
    "orgUuid": "8d580702-986e-4de3-873d-3a75b8073b42",
    "config": "{\"outputs\": [], \"periodSeconds\": 60, \"floodThreshold\": 4}"
  },
  {
    "id": "87a537bb-026f-477b-9fbe-cfaef6a5ec27",
    "isActive": true,
    "flowId": "809459ab-32c3-49ea-a208-cfc50d51d926",
    "workflowId": "e5c20862-8745-4838-b509-ec72f658af09",
    "orgUuid": "8d580702-986e-4de3-873d-3a75b8073b42",
    "config": "{\"outputs\": [], \"periodSeconds\": 60, \"floodThreshold\": 4}"
  },
  {
    "id": "6dbe596f-70fc-48dd-b07e-924f038cae69",
    "isActive": true,
    "flowId": "8b1e9be8-bd3b-4143-940b-327f5e60c657",
    "workflowId": "e5c20862-8745-4838-b509-ec72f658af09",
    "orgUuid": "8d580702-986e-4de3-873d-3a75b8073b42",
    "config": "{\"outputs\": [], \"periodSeconds\": 60, \"floodThreshold\": 4}"
  }
]