[
  {
    "id": "c3786288-75cd-4e5c-9ffc-ec540de5e5cb",
    "isActive": true,
    "flowId": "135052c8-714a-410b-8719-7185017f21f8",
    "workflowId": "f85ee54b-dc81-48d9-8c51-d6957eddcace",
    "orgUuid": "8d580702-986e-4de3-873d-3a75b8073b42",
    "config": "{\"outputs\": [], \"periodSeconds\": 60, \"floodThreshold\": 4}"
  },
  {
    "id": "23d0b42d-b8d8-415c-92d0-15c50771a785",
    "isActive": true,
    "flowId": "7d0f688e-eb7d-49fc-95d3-860c9b14ede6",
    "workflowId": "f85ee54b-dc81-48d9-8c51-d6957eddcace",
    "orgUuid": "8d580702-986e-4de3-873d-3a75b8073b42",
    "config": "{\"outputs\": [], \"periodSeconds\": 60, \"floodThreshold\": 4}"
  }
]