[
  {
    "baseType": 3,
    "name": "Assets to Deploy",
    "defaultValue": "holdmusic.xml",
    "description": "",
    "helpText": "",
    "isSystem": false,
    "minLength": 0,
    "maxLength": 2000,
    "validationRegex": "",
    "isValidate": false,
    "uuid": "88817d5e-67d2-4aec-b421-48858aa3df4d"
  },
  {
    "baseType": 3,
    "name": "Audio URL",
    "defaultValue": "",
    "description": "",
    "helpText": "",
    "isSystem": false,
    "minLength": 0,
    "maxLength": 500,
    "validationRegex": "",
    "isValidate": false,
    "uuid": "2403aa0e-5471-43f7-87e6-564c7378727a"
  },
  {
    "baseType": 3,
    "name": "Description",
    "defaultValue": "",
    "description": "",
    "helpText": "",
    "isSystem": false,
    "minLength": 0,
    "maxLength": 20000,
    "validationRegex": "",
    "isValidate": false,
    "uuid": "a55e801e-7409-4738-98ec-863586440f5b"
  },
  {
    "baseType": 3,
    "name": "Functions to Deploy",
    "defaultValue": "xm_settings,xm_action,xm_group,xm_record,xm_confirmRec,xm_shorten,xm_message,xm_escalate,xm_livecall,xm_incident,xm_bridgeforward,xm_endqueue,xm_connect,xm_nextoncall",
    "description": "",
    "helpText": "A comma separated list of functions to create / update in Twilio.",
    "isSystem": false,
    "minLength": 0,
    "maxLength": 20000,
    "validationRegex": "",
    "isValidate": false,
    "uuid": "a556933b-b1e9-4afb-abd9-aef2864b1880"
  },
  {
    "baseType": 3,
    "name": "Severity",
    "defaultValue": "",
    "description": "",
    "helpText": "",
    "isSystem": false,
    "minLength": 0,
    "maxLength": 30,
    "validationRegex": "",
    "isValidate": false,
    "uuid": "5208a613-5b28-470b-9468-6393e5ecc895"
  },
  {
    "baseType": 3,
    "name": "Short Description",
    "defaultValue": "",
    "description": "",
    "helpText": "",
    "isSystem": false,
    "minLength": 0,
    "maxLength": 350,
    "validationRegex": "",
    "isValidate": false,
    "uuid": "6565362e-2264-40eb-a3c9-bc658f41af01"
  },
  {
    "baseType": 3,
    "name": "targetGroup",
    "defaultValue": "",
    "description": "",
    "helpText": "",
    "isSystem": false,
    "minLength": 0,
    "maxLength": 50,
    "validationRegex": "",
    "isValidate": false,
    "uuid": "32a21ad1-07a4-4e7c-8d3b-907f77a5a27d"
  },
  {
    "baseType": 3,
    "name": "Twilio Account SID",
    "defaultValue": "",
    "description": "",
    "helpText": "Your Twilio Account SID.  Get this from your Twilio Dashboard. Starts with AC...",
    "isSystem": false,
    "minLength": 0,
    "maxLength": 100,
    "validationRegex": "",
    "isValidate": false,
    "uuid": "8595942a-59ef-4c3f-b850-207484c2e4a9"
  },
  {
    "baseType": 3,
    "name": "Twilio Auth Token",
    "defaultValue": "",
    "description": "",
    "helpText": "Your Twilio Auth Token.  Get this from your Twilio Dashboard.",
    "isSystem": false,
    "minLength": 0,
    "maxLength": 100,
    "validationRegex": "",
    "isValidate": false,
    "uuid": "64fa2b04-3806-4c5d-b513-3e0292302083"
  },
  {
    "baseType": 3,
    "name": "Twilio Service Name",
    "defaultValue": "xMattersByPhone",
    "description": "",
    "helpText": "Twilio Service Name",
    "isSystem": false,
    "minLength": 0,
    "maxLength": 30,
    "validationRegex": "",
    "isValidate": false,
    "uuid": "f161b506-fbad-4bf2-9504-e545562b67ba"
  },
  {
    "baseType": 3,
    "name": "Type",
    "defaultValue": "",
    "description": "",
    "helpText": "",
    "isSystem": false,
    "minLength": 0,
    "maxLength": 50,
    "validationRegex": "",
    "isValidate": false,
    "uuid": "720c21e5-f5ed-4fe2-9eee-04314c9b6739"
  },
  {
    "baseType": 3,
    "name": "whoCalled",
    "defaultValue": "",
    "description": "",
    "helpText": "",
    "isSystem": false,
    "minLength": 0,
    "maxLength": 50,
    "validationRegex": "",
    "isValidate": false,
    "uuid": "cffaa0ba-d860-4ef2-9ecb-5ad221082c68"
  }
]