[
  {
    "baseType": 3,
    "name": "Audio URL",
    "defaultValue": "",
    "description": "",
    "helpText": "",
    "isSystem": false,
    "minLength": 0,
    "maxLength": 500,
    "validationRegex": "",
    "isValidate": false,
    "uuid": "52073a47-4825-4040-b548-a175f55a62db"
  },
  {
    "baseType": 3,
    "name": "Description",
    "defaultValue": "",
    "description": "",
    "helpText": "",
    "isSystem": false,
    "minLength": 0,
    "maxLength": 20000,
    "validationRegex": "",
    "isValidate": false,
    "uuid": "66cfe390-b80b-4151-9b12-ba773a7bb7c5"
  },
  {
    "baseType": 3,
    "name": "Functions to Deploy",
    "defaultValue": "xm_settings,xm_action,xm_group,xm_record,xm_confirmRec,xm_shorten,xm_message,xm_escalate,xm_livecall,xm_incident,xm_bridgeforward",
    "description": "",
    "helpText": "A comma separated list of functions to create / update in Twilio.",
    "isSystem": false,
    "minLength": 0,
    "maxLength": 20000,
    "validationRegex": "",
    "isValidate": false,
    "uuid": "8dc873ed-4491-4131-8715-a3f0f6451179"
  },
  {
    "baseType": 3,
    "name": "Severity",
    "defaultValue": "",
    "description": "",
    "helpText": "",
    "isSystem": false,
    "minLength": 0,
    "maxLength": 30,
    "validationRegex": "",
    "isValidate": false,
    "uuid": "142b697c-146e-4b13-9355-a1877284fc2d"
  },
  {
    "baseType": 3,
    "name": "Short Description",
    "defaultValue": "",
    "description": "",
    "helpText": "",
    "isSystem": false,
    "minLength": 0,
    "maxLength": 350,
    "validationRegex": "",
    "isValidate": false,
    "uuid": "e2c28e6b-179b-4523-88eb-0c3e7ab0051a"
  },
  {
    "baseType": 3,
    "name": "Twilio Service Name",
    "defaultValue": "xMattersByPhone",
    "description": "",
    "helpText": "Twilio Service Name",
    "isSystem": false,
    "minLength": 0,
    "maxLength": 30,
    "validationRegex": "",
    "isValidate": false,
    "uuid": "c6f953d0-98bf-4fd1-80d9-a2780b78f853"
  },
  {
    "baseType": 3,
    "name": "Type",
    "defaultValue": "",
    "description": "",
    "helpText": "",
    "isSystem": false,
    "minLength": 0,
    "maxLength": 50,
    "validationRegex": "",
    "isValidate": false,
    "uuid": "aefef15b-a15c-4114-8232-a7205596c795"
  }
]